timestamp,cluster_node_list,cpu_usage_percentage,node_status,cpu_reserve,mem_usage_percentage,mem_reserve,Power,Energy
2024/07/22 07:43:23,"['cillium4', 'cillium1', 'cillium2', 'cillium3']","{'cillium1': 9.62, 'cillium2': 0.94}","{'cillium4': False, 'cillium1': True, 'cillium2': True, 'cillium3': False}","{'cillium1': 0.2, 'cillium2': 0}","{'cillium1': 8.72, 'cillium2': 2.73}","{'cillium1': 0.15, 'cillium2': 0}",90,80.9
2024/07/22 07:43:39,"['cillium4', 'cillium1', 'cillium2', 'cillium3']","{'cillium1': 9.55, 'cillium2': 0.94}","{'cillium4': False, 'cillium1': True, 'cillium2': True, 'cillium3': False}","{'cillium1': 0.2, 'cillium2': 0}","{'cillium1': 8.72, 'cillium2': 2.73, 'cillium4': 2.35}","{'cillium1': 0.15, 'cillium2': 0}",110,80.9
2024/07/22 07:43:55,"['cillium4', 'cillium1', 'cillium2', 'cillium3']","{'cillium1': 9.46, 'cillium2': 0.87, 'cillium4': 42.85}","{'cillium4': True, 'cillium1': True, 'cillium2': True, 'cillium3': False}","{'cillium1': 0.2, 'cillium2': 0, 'cillium4': 0}","{'cillium1': 8.13, 'cillium2': 2.72, 'cillium4': 2.37}","{'cillium1': 0.15, 'cillium2': 0, 'cillium4': 0}",120,80.9
2024/07/22 07:44:10,"['cillium4', 'cillium1', 'cillium2', 'cillium3']","{'cillium1': 7.77, 'cillium2': 2.95, 'cillium4': 19.34}","{'cillium4': True, 'cillium1': True, 'cillium2': True, 'cillium3': False}","{'cillium1': 0.2, 'cillium2': 0.2, 'cillium4': 0.3}","{'cillium1': 8.0, 'cillium2': 4.22, 'cillium4': 4.89}","{'cillium1': 0.15, 'cillium2': 2.15, 'cillium4': 3.22}",120,80.9
2024/07/22 07:44:25,"['cillium4', 'cillium1', 'cillium2', 'cillium3']","{'cillium1': 6.86, 'cillium2': 5.57, 'cillium4': 5.81}","{'cillium4': True, 'cillium1': True, 'cillium2': True, 'cillium3': False}","{'cillium1': 0.2, 'cillium2': 0.2, 'cillium4': 0.3}","{'cillium1': 8.03, 'cillium2': 5.23, 'cillium4': 6.76}","{'cillium1': 0.15, 'cillium2': 2.15, 'cillium4': 3.22}",110,80.9
2024/07/22 07:44:41,"['cillium4', 'cillium1', 'cillium2', 'cillium3']","{'cillium1': 6.1, 'cillium2': 8.09, 'cillium4': 9.63}","{'cillium4': True, 'cillium1': True, 'cillium2': True, 'cillium3': False}","{'cillium1': 0.2, 'cillium2': 0.2, 'cillium4': 0.3}","{'cillium1': 7.91, 'cillium2': 5.11, 'cillium4': 3.88}","{'cillium1': 0.15, 'cillium2': 2.15, 'cillium4': 3.22}",120,80.9
2024/07/22 07:44:56,"['cillium4', 'cillium1', 'cillium2', 'cillium3']","{'cillium1': 5.37, 'cillium2': 8.41, 'cillium4': 11.71}","{'cillium4': True, 'cillium1': True, 'cillium2': True, 'cillium3': False}","{'cillium1': 0.2, 'cillium2': 0.2, 'cillium4': 0.3}","{'cillium1': 7.91, 'cillium2': 5.06, 'cillium4': 4.94}","{'cillium1': 0.15, 'cillium2': 2.15, 'cillium4': 3.22}",110,80.9
2024/07/22 07:45:12,"['cillium4', 'cillium1', 'cillium2', 'cillium3']","{'cillium1': 5.49, 'cillium2': 8.37, 'cillium4': 11.75}","{'cillium4': True, 'cillium1': True, 'cillium2': True, 'cillium3': False}","{'cillium1': 0.2, 'cillium2': 0.2, 'cillium4': 0.3}","{'cillium1': 7.82, 'cillium2': 5.0, 'cillium4': 4.16}","{'cillium1': 0.15, 'cillium2': 2.15, 'cillium4': 3.22}",110,80.9
2024/07/22 07:45:27,"['cillium4', 'cillium1', 'cillium2', 'cillium3']","{'cillium1': 5.9, 'cillium2': 8.41, 'cillium4': 11.76}","{'cillium4': True, 'cillium1': True, 'cillium2': True, 'cillium3': False}","{'cillium1': 0.2, 'cillium2': 0.2, 'cillium4': 0.3}","{'cillium1': 7.8, 'cillium2': 4.83, 'cillium4': 4.42}","{'cillium1': 0.15, 'cillium2': 2.15, 'cillium4': 3.22}",120,80.9
2024/07/22 07:45:43,"['cillium4', 'cillium1', 'cillium2', 'cillium3']","{'cillium1': 6.0, 'cillium2': 8.41, 'cillium4': 11.71}","{'cillium4': True, 'cillium1': True, 'cillium2': True, 'cillium3': False}","{'cillium1': 0.2, 'cillium2': 0.2, 'cillium4': 0.3}","{'cillium1': 7.79, 'cillium2': 5.93, 'cillium4': 6.34}","{'cillium1': 0.15, 'cillium2': 2.15, 'cillium4': 3.22}",120,80.9
2024/07/22 07:45:58,"['cillium4', 'cillium1', 'cillium2', 'cillium3']","{'cillium1': 5.86, 'cillium2': 8.39, 'cillium4': 11.74}","{'cillium4': True, 'cillium1': True, 'cillium2': True, 'cillium3': False}","{'cillium1': 0.2, 'cillium2': 0.2, 'cillium4': 0.3}","{'cillium1': 7.78, 'cillium2': 4.17, 'cillium4': 4.42}","{'cillium1': 0.15, 'cillium2': 2.15, 'cillium4': 3.22}",120,80.9
2024/07/22 07:46:14,"['cillium4', 'cillium1', 'cillium2', 'cillium3']","{'cillium1': 5.42, 'cillium2': 8.32, 'cillium4': 11.76}","{'cillium4': True, 'cillium1': True, 'cillium2': True, 'cillium3': False}","{'cillium1': 0.2, 'cillium2': 0.2, 'cillium4': 0.3}","{'cillium1': 7.78, 'cillium2': 3.9, 'cillium4': 4.94}","{'cillium1': 0.15, 'cillium2': 2.15, 'cillium4': 3.22}",110,80.9
2024/07/22 07:46:29,"['cillium4', 'cillium1', 'cillium2', 'cillium3']","{'cillium1': 5.41, 'cillium2': 8.36, 'cillium4': 11.75}","{'cillium4': True, 'cillium1': True, 'cillium2': True, 'cillium3': False}","{'cillium1': 0.2, 'cillium2': 0.2, 'cillium4': 0.3}","{'cillium1': 7.78, 'cillium2': 4.4, 'cillium4': 5.57}","{'cillium1': 0.15, 'cillium2': 2.15, 'cillium4': 3.22}",110,80.9
2024/07/22 07:46:45,"['cillium4', 'cillium1', 'cillium2', 'cillium3']","{'cillium1': 5.41, 'cillium2': 8.4, 'cillium4': 11.75}","{'cillium4': True, 'cillium1': True, 'cillium2': True, 'cillium3': False}","{'cillium1': 0.2, 'cillium2': 0.2, 'cillium4': 0.3}","{'cillium1': 7.77, 'cillium2': 5.68, 'cillium4': 4.42}","{'cillium1': 0.15, 'cillium2': 2.15, 'cillium4': 3.22}",110,80.9
2024/07/22 07:47:00,"['cillium4', 'cillium1', 'cillium2', 'cillium3']","{'cillium1': 5.34, 'cillium2': 8.41, 'cillium4': 11.72}","{'cillium4': True, 'cillium1': True, 'cillium2': True, 'cillium3': False}","{'cillium1': 0.2, 'cillium2': 0.2, 'cillium4': 0.3}","{'cillium1': 7.78, 'cillium2': 5.1, 'cillium4': 4.64}","{'cillium1': 0.15, 'cillium2': 2.15, 'cillium4': 3.22}",120,80.9
2024/07/22 07:47:16,"['cillium4', 'cillium1', 'cillium2', 'cillium3']","{'cillium1': 5.5, 'cillium2': 8.36, 'cillium4': 11.74}","{'cillium4': True, 'cillium1': True, 'cillium2': True, 'cillium3': False}","{'cillium1': 0.2, 'cillium2': 0.2, 'cillium4': 0.3}","{'cillium1': 7.76, 'cillium2': 4.72, 'cillium4': 4.7}","{'cillium1': 0.15, 'cillium2': 2.15, 'cillium4': 3.22}",110,80.9
2024/07/22 07:47:31,"['cillium4', 'cillium1', 'cillium2', 'cillium3']","{'cillium1': 5.74, 'cillium2': 8.34, 'cillium4': 11.75}","{'cillium4': True, 'cillium1': True, 'cillium2': True, 'cillium3': False}","{'cillium1': 0.2, 'cillium2': 0.2, 'cillium4': 0.3}","{'cillium1': 7.76, 'cillium2': 4.4, 'cillium4': 5.06}","{'cillium1': 0.15, 'cillium2': 2.15, 'cillium4': 3.22}",110,80.9
2024/07/22 07:47:47,"['cillium4', 'cillium1', 'cillium2', 'cillium3']","{'cillium1': 5.72, 'cillium2': 8.36, 'cillium4': 11.78}","{'cillium4': True, 'cillium1': True, 'cillium2': True, 'cillium3': False}","{'cillium1': 0.2, 'cillium2': 0.2, 'cillium4': 0.3}","{'cillium1': 7.69, 'cillium2': 4.24, 'cillium4': 5.53}","{'cillium1': 0.15, 'cillium2': 2.15, 'cillium4': 3.22}",110,80.9
2024/07/22 07:48:02,"['cillium4', 'cillium1', 'cillium2', 'cillium3']","{'cillium1': 5.59, 'cillium2': 8.41, 'cillium4': 13.31}","{'cillium4': True, 'cillium1': True, 'cillium2': True, 'cillium3': False}","{'cillium1': 0.2, 'cillium2': 0.2, 'cillium4': 0.3}","{'cillium1': 7.69, 'cillium2': 5.13, 'cillium4': 6.27}","{'cillium1': 0.15, 'cillium2': 2.15, 'cillium4': 3.22}",130,80.9
2024/07/22 07:48:18,"['cillium4', 'cillium1', 'cillium2', 'cillium3']","{'cillium1': 9.84, 'cillium2': 11.48, 'cillium4': 17.19}","{'cillium4': True, 'cillium1': True, 'cillium2': True, 'cillium3': False}","{'cillium1': 0.6, 'cillium2': 0.5, 'cillium4': 0.6}","{'cillium1': 11.62, 'cillium2': 6.58, 'cillium4': 9.67}","{'cillium1': 4.44, 'cillium2': 5.37, 'cillium4': 6.44}",130,80.9
2024/07/22 07:48:33,"['cillium4', 'cillium1', 'cillium2', 'cillium3']","{'cillium1': 14.43, 'cillium2': 15.27, 'cillium4': 19.68}","{'cillium4': True, 'cillium1': True, 'cillium2': True, 'cillium3': False}","{'cillium1': 0.6, 'cillium2': 0.5, 'cillium4': 0.6}","{'cillium1': 9.81, 'cillium2': 8.29, 'cillium4': 5.72}","{'cillium1': 4.44, 'cillium2': 5.37, 'cillium4': 6.44}",130,81.0
2024/07/22 07:48:49,"['cillium4', 'cillium1', 'cillium2', 'cillium3']","{'cillium1': 19.22, 'cillium2': 15.36, 'cillium4': 18.13}","{'cillium4': True, 'cillium1': True, 'cillium2': True, 'cillium3': False}","{'cillium1': 0.6, 'cillium2': 0.3, 'cillium4': 0.3}","{'cillium1': 11.33, 'cillium2': 5.38, 'cillium4': 4.43}","{'cillium1': 4.44, 'cillium2': 3.22, 'cillium4': 3.22}",130,81.0
2024/07/22 07:49:04,"['cillium4', 'cillium1', 'cillium2', 'cillium3']","{'cillium1': 19.25, 'cillium2': 12.81, 'cillium4': 14.19}","{'cillium4': True, 'cillium1': True, 'cillium2': True, 'cillium3': False}","{'cillium1': 0.6, 'cillium2': 0.3, 'cillium4': 0.3}","{'cillium1': 10.72, 'cillium2': 4.91, 'cillium4': 4.53}","{'cillium1': 4.44, 'cillium2': 3.22, 'cillium4': 3.22}",130,81.0
2024/07/22 07:49:20,"['cillium4', 'cillium1', 'cillium2', 'cillium3']","{'cillium1': 19.27, 'cillium2': 12.1, 'cillium4': 11.76}","{'cillium4': True, 'cillium1': True, 'cillium2': True, 'cillium3': False}","{'cillium1': 0.6, 'cillium2': 0.3, 'cillium4': 0.3}","{'cillium1': 11.96, 'cillium2': 4.19, 'cillium4': 4.8}","{'cillium1': 4.44, 'cillium2': 3.22, 'cillium4': 3.22}",130,81.0
2024/07/22 07:49:35,"['cillium4', 'cillium1', 'cillium2', 'cillium3']","{'cillium1': 19.3, 'cillium2': 12.08, 'cillium4': 11.78}","{'cillium4': True, 'cillium1': True, 'cillium2': True, 'cillium3': False}","{'cillium1': 0.6, 'cillium2': 0.3, 'cillium4': 0.3}","{'cillium1': 11.05, 'cillium2': 4.55, 'cillium4': 5.5}","{'cillium1': 4.44, 'cillium2': 3.22, 'cillium4': 3.22}",130,81.0
2024/07/22 07:49:51,"['cillium4', 'cillium1', 'cillium2', 'cillium3']","{'cillium1': 19.3, 'cillium2': 12.09, 'cillium4': 11.83}","{'cillium4': True, 'cillium1': True, 'cillium2': True, 'cillium3': False}","{'cillium1': 0.6, 'cillium2': 0.3, 'cillium4': 0.3}","{'cillium1': 12.04, 'cillium2': 4.14, 'cillium4': 5.69}","{'cillium1': 4.44, 'cillium2': 3.22, 'cillium4': 3.22}",130,81.0
2024/07/22 07:50:06,"['cillium4', 'cillium1', 'cillium2', 'cillium3']","{'cillium1': 19.04, 'cillium2': 12.07, 'cillium4': 11.74}","{'cillium4': True, 'cillium1': True, 'cillium2': True, 'cillium3': False}","{'cillium1': 0.6, 'cillium2': 0.3, 'cillium4': 0.3}","{'cillium1': 10.05, 'cillium2': 4.57, 'cillium4': 6.03}","{'cillium1': 4.44, 'cillium2': 3.22, 'cillium4': 3.22}",130,81.0
2024/07/22 07:50:21,"['cillium4', 'cillium1', 'cillium2', 'cillium3']","{'cillium1': 19.23, 'cillium2': 12.12, 'cillium4': 11.76}","{'cillium4': True, 'cillium1': True, 'cillium2': True, 'cillium3': False}","{'cillium1': 0.6, 'cillium2': 0.3, 'cillium4': 0.3}","{'cillium1': 9.85, 'cillium2': 6.22, 'cillium4': 4.64}","{'cillium1': 4.44, 'cillium2': 3.22, 'cillium4': 3.22}",130,81.0
2024/07/22 07:50:37,"['cillium4', 'cillium1', 'cillium2', 'cillium3']","{'cillium1': 19.2, 'cillium2': 12.15, 'cillium4': 11.72}","{'cillium4': True, 'cillium1': True, 'cillium2': True, 'cillium3': False}","{'cillium1': 0.6, 'cillium2': 0.3, 'cillium4': 0.3}","{'cillium1': 11.23, 'cillium2': 5.07, 'cillium4': 4.93}","{'cillium1': 4.44, 'cillium2': 3.22, 'cillium4': 3.22}",120,81.0
2024/07/22 07:50:52,"['cillium4', 'cillium1', 'cillium2', 'cillium3']","{'cillium1': 19.44, 'cillium2': 12.14, 'cillium4': 11.76}","{'cillium4': True, 'cillium1': True, 'cillium2': True, 'cillium3': False}","{'cillium1': 0.6, 'cillium2': 0.3, 'cillium4': 0.3}","{'cillium1': 10.13, 'cillium2': 4.9, 'cillium4': 5.52}","{'cillium1': 4.44, 'cillium2': 3.22, 'cillium4': 3.22}",130,81.0
2024/07/22 07:51:08,"['cillium4', 'cillium1', 'cillium2', 'cillium3']","{'cillium1': 19.38, 'cillium2': 12.06, 'cillium4': 11.72}","{'cillium4': True, 'cillium1': True, 'cillium2': True, 'cillium3': False}","{'cillium1': 0.6, 'cillium2': 0.3, 'cillium4': 0.3}","{'cillium1': 11.3, 'cillium2': 5.88, 'cillium4': 4.25}","{'cillium1': 4.44, 'cillium2': 3.22, 'cillium4': 3.22}",140,81.0
2024/07/22 07:51:23,"['cillium4', 'cillium1', 'cillium2', 'cillium3']","{'cillium1': 19.51, 'cillium2': 12.06, 'cillium4': 11.77}","{'cillium4': True, 'cillium1': True, 'cillium2': True, 'cillium3': False}","{'cillium1': 0.6, 'cillium2': 0.3, 'cillium4': 0.3}","{'cillium1': 11.47, 'cillium2': 6.51, 'cillium4': 6.04}","{'cillium1': 4.44, 'cillium2': 3.22, 'cillium4': 3.22}",130,81.0
2024/07/22 07:51:39,"['cillium4', 'cillium1', 'cillium2', 'cillium3']","{'cillium1': 19.53, 'cillium2': 12.02, 'cillium4': 11.73}","{'cillium4': True, 'cillium1': True, 'cillium2': True, 'cillium3': False}","{'cillium1': 0.6, 'cillium2': 0.3, 'cillium4': 0.3}","{'cillium1': 10.11, 'cillium2': 5.46, 'cillium4': 4.69}","{'cillium1': 4.44, 'cillium2': 3.22, 'cillium4': 3.22}",120,81.0
2024/07/22 07:51:54,"['cillium4', 'cillium1', 'cillium2', 'cillium3']","{'cillium1': 19.45, 'cillium2': 12.1, 'cillium4': 11.75}","{'cillium4': True, 'cillium1': True, 'cillium2': True, 'cillium3': False}","{'cillium1': 0.6, 'cillium2': 0.3, 'cillium4': 0.3}","{'cillium1': 11.35, 'cillium2': 5.13, 'cillium4': 4.72}","{'cillium1': 4.44, 'cillium2': 3.22, 'cillium4': 3.22}",150,81.0
2024/07/22 07:52:10,"['cillium4', 'cillium1', 'cillium2', 'cillium3']","{'cillium1': 23.04, 'cillium2': 17.77, 'cillium4': 14.53}","{'cillium4': True, 'cillium1': True, 'cillium2': True, 'cillium3': False}","{'cillium1': 0.9, 'cillium2': 0.9, 'cillium4': 0.9}","{'cillium1': 15.48, 'cillium2': 11.07, 'cillium4': 10.51}","{'cillium1': 7.66, 'cillium2': 9.66, 'cillium4': 9.66}",150,81.0
2024/07/22 07:52:25,"['cillium4', 'cillium1', 'cillium2', 'cillium3']","{'cillium1': 26.39, 'cillium2': 25.38, 'cillium4': 22.18}","{'cillium4': True, 'cillium1': True, 'cillium2': True, 'cillium3': False}","{'cillium1': 0.9, 'cillium2': 0.9, 'cillium4': 0.9}","{'cillium1': 12.51, 'cillium2': 10.73, 'cillium4': 9.44}","{'cillium1': 7.66, 'cillium2': 9.66, 'cillium4': 9.66}",140,81.0
2024/07/22 07:52:41,"['cillium4', 'cillium1', 'cillium2', 'cillium3']","{'cillium1': 27.13, 'cillium2': 30.3, 'cillium4': 28.67}","{'cillium4': True, 'cillium1': True, 'cillium2': True, 'cillium3': False}","{'cillium1': 0.5, 'cillium2': 0.6, 'cillium4': 0.6}","{'cillium1': 11.28, 'cillium2': 7.34, 'cillium4': 6.69}","{'cillium1': 3.37, 'cillium2': 6.44, 'cillium4': 6.44}",130,81.0
2024/07/22 07:52:56,"['cillium4', 'cillium1', 'cillium2', 'cillium3']","{'cillium1': 22.59, 'cillium2': 28.38, 'cillium4': 29.62}","{'cillium4': True, 'cillium1': True, 'cillium2': True, 'cillium3': False}","{'cillium1': 0.5, 'cillium2': 0.6, 'cillium4': 0.6}","{'cillium1': 10.06, 'cillium2': 9.43, 'cillium4': 7.69}","{'cillium1': 3.37, 'cillium2': 6.44, 'cillium4': 6.44}",130,81.0
2024/07/22 07:53:12,"['cillium4', 'cillium1', 'cillium2', 'cillium3']","{'cillium1': 17.78, 'cillium2': 24.55, 'cillium4': 25.82}","{'cillium4': True, 'cillium1': True, 'cillium2': True, 'cillium3': False}","{'cillium1': 0.5, 'cillium2': 0.6, 'cillium4': 0.6}","{'cillium1': 11.03, 'cillium2': 7.9, 'cillium4': 9.13}","{'cillium1': 3.37, 'cillium2': 6.44, 'cillium4': 6.44}",130,81.0
2024/07/22 07:53:27,"['cillium4', 'cillium1', 'cillium2', 'cillium3']","{'cillium1': 15.98, 'cillium2': 23.29, 'cillium4': 23.21}","{'cillium4': True, 'cillium1': True, 'cillium2': True, 'cillium3': False}","{'cillium1': 0.5, 'cillium2': 0.6, 'cillium4': 0.6}","{'cillium1': 11.06, 'cillium2': 6.14, 'cillium4': 8.5}","{'cillium1': 3.37, 'cillium2': 6.44, 'cillium4': 6.44}",140,81.0
2024/07/22 07:53:43,"['cillium4', 'cillium1', 'cillium2', 'cillium3']","{'cillium1': 15.76, 'cillium2': 23.29, 'cillium4': 23.16}","{'cillium4': True, 'cillium1': True, 'cillium2': True, 'cillium3': False}","{'cillium1': 0.5, 'cillium2': 0.6, 'cillium4': 0.6}","{'cillium1': 11.05, 'cillium2': 7.13, 'cillium4': 8.4}","{'cillium1': 3.37, 'cillium2': 6.44, 'cillium4': 6.44}",130,81.0
2024/07/22 07:53:58,"['cillium4', 'cillium1', 'cillium2', 'cillium3']","{'cillium1': 15.97, 'cillium2': 23.31, 'cillium4': 23.05}","{'cillium4': True, 'cillium1': True, 'cillium2': True, 'cillium3': False}","{'cillium1': 0.5, 'cillium2': 0.6, 'cillium4': 0.6}","{'cillium1': 10.85, 'cillium2': 5.85, 'cillium4': 6.96}","{'cillium1': 3.37, 'cillium2': 6.44, 'cillium4': 6.44}",130,81.0
2024/07/22 07:54:14,"['cillium4', 'cillium1', 'cillium2', 'cillium3']","{'cillium1': 15.94, 'cillium2': 23.35, 'cillium4': 23.16}","{'cillium4': True, 'cillium1': True, 'cillium2': True, 'cillium3': False}","{'cillium1': 0.5, 'cillium2': 0.6, 'cillium4': 0.6}","{'cillium1': 9.83, 'cillium2': 7.71, 'cillium4': 8.12}","{'cillium1': 3.37, 'cillium2': 6.44, 'cillium4': 6.44}",130,81.0
2024/07/22 07:54:29,"['cillium4', 'cillium1', 'cillium2', 'cillium3']","{'cillium1': 15.94, 'cillium2': 23.34, 'cillium4': 23.18}","{'cillium4': True, 'cillium1': True, 'cillium2': True, 'cillium3': False}","{'cillium1': 0.5, 'cillium2': 0.6, 'cillium4': 0.6}","{'cillium1': 11.01, 'cillium2': 7.24, 'cillium4': 7.59}","{'cillium1': 3.37, 'cillium2': 6.44, 'cillium4': 6.44}",130,81.0
2024/07/22 07:54:45,"['cillium4', 'cillium1', 'cillium2', 'cillium3']","{'cillium1': 16.01, 'cillium2': 23.39, 'cillium4': 23.16}","{'cillium4': True, 'cillium1': True, 'cillium2': True, 'cillium3': False}","{'cillium1': 0.5, 'cillium2': 0.6, 'cillium4': 0.6}","{'cillium1': 10.21, 'cillium2': 7.85, 'cillium4': 6.25}","{'cillium1': 3.37, 'cillium2': 6.44, 'cillium4': 6.44}",130,81.0
2024/07/22 07:55:00,"['cillium4', 'cillium1', 'cillium2', 'cillium3']","{'cillium1': 15.87, 'cillium2': 23.42, 'cillium4': 23.11}","{'cillium4': True, 'cillium1': True, 'cillium2': True, 'cillium3': False}","{'cillium1': 0.5, 'cillium2': 0.6, 'cillium4': 0.6}","{'cillium1': 10.88, 'cillium2': 7.93, 'cillium4': 6.17}","{'cillium1': 3.37, 'cillium2': 6.44, 'cillium4': 6.44}",140,81.0
2024/07/22 07:55:16,"['cillium4', 'cillium1', 'cillium2', 'cillium3']","{'cillium1': 15.87, 'cillium2': 23.36, 'cillium4': 23.14}","{'cillium4': True, 'cillium1': True, 'cillium2': True, 'cillium3': False}","{'cillium1': 0.5, 'cillium2': 0.6, 'cillium4': 0.6}","{'cillium1': 10.46, 'cillium2': 7.0, 'cillium4': 8.84}","{'cillium1': 3.37, 'cillium2': 6.44, 'cillium4': 6.44}",130,81.0
2024/07/22 07:55:31,"['cillium4', 'cillium1', 'cillium2', 'cillium3']","{'cillium1': 16.11, 'cillium2': 23.37, 'cillium4': 23.14}","{'cillium4': True, 'cillium1': True, 'cillium2': True, 'cillium3': False}","{'cillium1': 0.5, 'cillium2': 0.6, 'cillium4': 0.6}","{'cillium1': 11.29, 'cillium2': 6.98, 'cillium4': 8.51}","{'cillium1': 3.37, 'cillium2': 6.44, 'cillium4': 6.44}",130,81.0
2024/07/22 07:55:47,"['cillium4', 'cillium1', 'cillium2', 'cillium3']","{'cillium1': 16.15, 'cillium2': 23.33, 'cillium4': 23.13}","{'cillium4': True, 'cillium1': True, 'cillium2': True, 'cillium3': False}","{'cillium1': 0.5, 'cillium2': 0.6, 'cillium4': 0.6}","{'cillium1': 11.3, 'cillium2': 6.92, 'cillium4': 6.62}","{'cillium1': 3.37, 'cillium2': 6.44, 'cillium4': 6.44}",130,81.0
2024/07/22 07:56:02,"['cillium4', 'cillium1', 'cillium2', 'cillium3']","{'cillium1': 15.93, 'cillium2': 23.36, 'cillium4': 26.24}","{'cillium4': True, 'cillium1': True, 'cillium2': True, 'cillium3': False}","{'cillium1': 0.5, 'cillium2': 0.6, 'cillium4': 0.6}","{'cillium1': 9.67, 'cillium2': 9.86, 'cillium4': 14.52}","{'cillium1': 3.37, 'cillium2': 6.44, 'cillium4': 6.44}",170,81.0
2024/07/22 07:56:18,"['cillium4', 'cillium1', 'cillium2', 'cillium3']","{'cillium1': 22.74, 'cillium2': 28.93, 'cillium4': 35.12}","{'cillium4': True, 'cillium1': True, 'cillium2': True, 'cillium3': False}","{'cillium1': 1.2, 'cillium2': 1.2, 'cillium4': 1.3}","{'cillium1': 17.17, 'cillium2': 11.34, 'cillium4': 15.26}","{'cillium1': 10.88, 'cillium2': 12.88, 'cillium4': 13.96}",170,81.0
2024/07/22 07:56:33,"['cillium4', 'cillium1', 'cillium2', 'cillium3']","{'cillium1': 38.01, 'cillium2': 36.51, 'cillium4': 41.87}","{'cillium4': True, 'cillium1': True, 'cillium2': True, 'cillium3': False}","{'cillium1': 1.2, 'cillium2': 1.2, 'cillium4': 1.3}","{'cillium1': 12.91, 'cillium2': 14.78, 'cillium4': 8.54}","{'cillium1': 10.88, 'cillium2': 12.88, 'cillium4': 13.96}",140,81.0
2024/07/22 07:56:49,"['cillium4', 'cillium1', 'cillium2', 'cillium3']","{'cillium1': 35.53, 'cillium2': 33.46, 'cillium4': 39.94}","{'cillium4': True, 'cillium1': True, 'cillium2': True, 'cillium3': False}","{'cillium1': 0.9, 'cillium2': 0.6, 'cillium4': 0.7}","{'cillium1': 12.25, 'cillium2': 7.35, 'cillium4': 8.5}","{'cillium1': 7.66, 'cillium2': 6.44, 'cillium4': 7.52}",140,81.0
2024/07/22 07:57:04,"['cillium4', 'cillium1', 'cillium2', 'cillium3']","{'cillium1': 31.86, 'cillium2': 25.87, 'cillium4': 32.36}","{'cillium4': True, 'cillium1': True, 'cillium2': True, 'cillium3': False}","{'cillium1': 0.9, 'cillium2': 0.6, 'cillium4': 0.7}","{'cillium1': 13.19, 'cillium2': 7.8, 'cillium4': 11.02}","{'cillium1': 7.66, 'cillium2': 6.44, 'cillium4': 7.52}",140,81.0
2024/07/22 07:57:20,"['cillium4', 'cillium1', 'cillium2', 'cillium3']","{'cillium1': 30.13, 'cillium2': 23.32, 'cillium4': 27.02}","{'cillium4': True, 'cillium1': True, 'cillium2': True, 'cillium3': False}","{'cillium1': 0.9, 'cillium2': 0.6, 'cillium4': 0.7}","{'cillium1': 12.0, 'cillium2': 6.58, 'cillium4': 7.86}","{'cillium1': 7.66, 'cillium2': 6.44, 'cillium4': 7.52}",150,81.0
2024/07/22 07:57:35,"['cillium4', 'cillium1', 'cillium2', 'cillium3']","{'cillium1': 30.03, 'cillium2': 23.41, 'cillium4': 27.0}","{'cillium4': True, 'cillium1': True, 'cillium2': True, 'cillium3': False}","{'cillium1': 0.9, 'cillium2': 0.6, 'cillium4': 0.7}","{'cillium1': 13.09, 'cillium2': 8.12, 'cillium4': 7.97}","{'cillium1': 7.66, 'cillium2': 6.44, 'cillium4': 7.52}",140,81.0
2024/07/22 07:57:51,"['cillium4', 'cillium1', 'cillium2', 'cillium3']","{'cillium1': 30.05, 'cillium2': 23.41, 'cillium4': 26.99}","{'cillium4': True, 'cillium1': True, 'cillium2': True, 'cillium3': False}","{'cillium1': 0.9, 'cillium2': 0.6, 'cillium4': 0.7}","{'cillium1': 13.25, 'cillium2': 8.26, 'cillium4': 7.65}","{'cillium1': 7.66, 'cillium2': 6.44, 'cillium4': 7.52}",140,81.0
2024/07/22 07:58:06,"['cillium4', 'cillium1', 'cillium2', 'cillium3']","{'cillium1': 29.92, 'cillium2': 23.35, 'cillium4': 26.88}","{'cillium4': True, 'cillium1': True, 'cillium2': True, 'cillium3': False}","{'cillium1': 0.9, 'cillium2': 0.6, 'cillium4': 0.7}","{'cillium1': 13.26, 'cillium2': 6.63, 'cillium4': 9.64}","{'cillium1': 7.66, 'cillium2': 6.44, 'cillium4': 7.52}",140,81.0
2024/07/22 07:58:22,"['cillium4', 'cillium1', 'cillium2', 'cillium3']","{'cillium1': 30.06, 'cillium2': 23.34, 'cillium4': 26.97}","{'cillium4': True, 'cillium1': True, 'cillium2': True, 'cillium3': False}","{'cillium1': 0.9, 'cillium2': 0.6, 'cillium4': 0.7}","{'cillium1': 13.73, 'cillium2': 8.25, 'cillium4': 10.31}","{'cillium1': 7.66, 'cillium2': 6.44, 'cillium4': 7.52}",140,81.0
2024/07/22 07:58:37,"['cillium4', 'cillium1', 'cillium2', 'cillium3']","{'cillium1': 29.94, 'cillium2': 23.34, 'cillium4': 26.98}","{'cillium4': True, 'cillium1': True, 'cillium2': True, 'cillium3': False}","{'cillium1': 0.9, 'cillium2': 0.6, 'cillium4': 0.7}","{'cillium1': 14.1, 'cillium2': 7.34, 'cillium4': 8.97}","{'cillium1': 7.66, 'cillium2': 6.44, 'cillium4': 7.52}",140,81.0
2024/07/22 07:58:53,"['cillium4', 'cillium1', 'cillium2', 'cillium3']","{'cillium1': 29.89, 'cillium2': 23.38, 'cillium4': 26.96}","{'cillium4': True, 'cillium1': True, 'cillium2': True, 'cillium3': False}","{'cillium1': 0.9, 'cillium2': 0.6, 'cillium4': 0.7}","{'cillium1': 13.22, 'cillium2': 9.26, 'cillium4': 8.0}","{'cillium1': 7.66, 'cillium2': 6.44, 'cillium4': 7.52}",140,81.0
2024/07/22 07:59:08,"['cillium4', 'cillium1', 'cillium2', 'cillium3']","{'cillium1': 30.0, 'cillium2': 23.31, 'cillium4': 26.94}","{'cillium4': True, 'cillium1': True, 'cillium2': True, 'cillium3': False}","{'cillium1': 0.9, 'cillium2': 0.6, 'cillium4': 0.7}","{'cillium1': 13.57, 'cillium2': 8.97, 'cillium4': 8.34}","{'cillium1': 7.66, 'cillium2': 6.44, 'cillium4': 7.52}",140,81.0
2024/07/22 07:59:24,"['cillium4', 'cillium1', 'cillium2', 'cillium3']","{'cillium1': 30.14, 'cillium2': 23.39, 'cillium4': 26.92}","{'cillium4': True, 'cillium1': True, 'cillium2': True, 'cillium3': False}","{'cillium1': 0.9, 'cillium2': 0.6, 'cillium4': 0.7}","{'cillium1': 12.52, 'cillium2': 6.86, 'cillium4': 7.67}","{'cillium1': 7.66, 'cillium2': 6.44, 'cillium4': 7.52}",140,81.0
2024/07/22 07:59:39,"['cillium4', 'cillium1', 'cillium2', 'cillium3']","{'cillium1': 30.2, 'cillium2': 23.33, 'cillium4': 26.89}","{'cillium4': True, 'cillium1': True, 'cillium2': True, 'cillium3': False}","{'cillium1': 0.9, 'cillium2': 0.6, 'cillium4': 0.7}","{'cillium1': 15.47, 'cillium2': 6.5, 'cillium4': 9.8}","{'cillium1': 7.66, 'cillium2': 6.44, 'cillium4': 7.52}",140,81.0
2024/07/22 07:59:55,"['cillium4', 'cillium1', 'cillium2', 'cillium3']","{'cillium1': 30.15, 'cillium2': 23.36, 'cillium4': 26.87}","{'cillium4': True, 'cillium1': True, 'cillium2': True, 'cillium3': False}","{'cillium1': 0.9, 'cillium2': 0.6, 'cillium4': 0.7}","{'cillium1': 13.29, 'cillium2': 8.3, 'cillium4': 7.67}","{'cillium1': 7.66, 'cillium2': 6.44, 'cillium4': 7.52}",150,81.0
2024/07/22 08:00:10,"['cillium4', 'cillium1', 'cillium2', 'cillium3']","{'cillium1': 36.47, 'cillium2': 31.91, 'cillium4': 30.4}","{'cillium4': True, 'cillium1': True, 'cillium2': True, 'cillium3': False}","{'cillium1': 1.5, 'cillium2': 1.6, 'cillium4': 1.6}","{'cillium1': 16.91, 'cillium2': 14.6, 'cillium4': 13.75}","{'cillium1': 14.11, 'cillium2': 17.18, 'cillium4': 17.18}",170,81.0
2024/07/22 08:00:26,"['cillium4', 'cillium1', 'cillium2', 'cillium3']","{'cillium1': 44.08, 'cillium2': 44.68, 'cillium4': 41.9}","{'cillium4': True, 'cillium1': True, 'cillium2': True, 'cillium3': False}","{'cillium1': 1.5, 'cillium2': 1.6, 'cillium4': 1.6}","{'cillium1': 21.17, 'cillium2': 14.71, 'cillium4': 18.35}","{'cillium1': 14.11, 'cillium2': 17.18, 'cillium4': 17.18}",160,81.0
2024/07/22 08:00:42,"['cillium4', 'cillium1', 'cillium2', 'cillium3']","{'cillium1': 46.63, 'cillium2': 52.59, 'cillium4': 51.17}","{'cillium4': True, 'cillium1': True, 'cillium2': True, 'cillium3': False}","{'cillium1': 0.8, 'cillium2': 1.0, 'cillium4': 0.9}","{'cillium1': 12.88, 'cillium2': 10.04, 'cillium4': 10.72}","{'cillium1': 6.59, 'cillium2': 10.74, 'cillium4': 9.66}",150,81.0
2024/07/22 08:00:57,"['cillium4', 'cillium1', 'cillium2', 'cillium3']","{'cillium1': 39.1, 'cillium2': 48.98, 'cillium4': 50.16}","{'cillium4': True, 'cillium1': True, 'cillium2': True, 'cillium3': False}","{'cillium1': 0.8, 'cillium2': 1.0, 'cillium4': 0.9}","{'cillium1': 13.51, 'cillium2': 11.66, 'cillium4': 10.12}","{'cillium1': 6.59, 'cillium2': 10.74, 'cillium4': 9.66}",140,81.0
2024/07/22 08:01:13,"['cillium4', 'cillium1', 'cillium2', 'cillium3']","{'cillium1': 30.55, 'cillium2': 41.28, 'cillium4': 34.55}","{'cillium4': True, 'cillium1': True, 'cillium2': True, 'cillium3': False}","{'cillium1': 0.8, 'cillium2': 1.0, 'cillium4': 0.9}","{'cillium1': 12.81, 'cillium2': 11.54, 'cillium4': 11.42}","{'cillium1': 6.59, 'cillium2': 10.74, 'cillium4': 9.66}",140,81.0
2024/07/22 08:01:28,"['cillium4', 'cillium1', 'cillium2', 'cillium3']","{'cillium1': 26.99, 'cillium2': 38.4, 'cillium4': 34.65}","{'cillium4': True, 'cillium1': True, 'cillium2': True, 'cillium3': False}","{'cillium1': 0.8, 'cillium2': 1.0, 'cillium4': 0.9}","{'cillium1': 12.0, 'cillium2': 12.75, 'cillium4': 10.2}","{'cillium1': 6.59, 'cillium2': 10.74, 'cillium4': 9.66}",150,81.0
2024/07/22 08:01:44,"['cillium4', 'cillium1', 'cillium2', 'cillium3']","{'cillium1': 26.87, 'cillium2': 38.5, 'cillium4': 34.59}","{'cillium4': True, 'cillium1': True, 'cillium2': True, 'cillium3': False}","{'cillium1': 0.8, 'cillium2': 1.0, 'cillium4': 0.9}","{'cillium1': 10.79, 'cillium2': 11.27, 'cillium4': 10.02}","{'cillium1': 6.59, 'cillium2': 10.74, 'cillium4': 9.66}",150,81.0
2024/07/22 08:01:59,"['cillium4', 'cillium1', 'cillium2', 'cillium3']","{'cillium1': 26.66, 'cillium2': 38.48, 'cillium4': 34.5}","{'cillium4': True, 'cillium1': True, 'cillium2': True, 'cillium3': False}","{'cillium1': 0.8, 'cillium2': 1.0, 'cillium4': 0.9}","{'cillium1': 12.69, 'cillium2': 11.65, 'cillium4': 9.41}","{'cillium1': 6.59, 'cillium2': 10.74, 'cillium4': 9.66}",140,81.0
2024/07/22 08:02:15,"['cillium4', 'cillium1', 'cillium2', 'cillium3']","{'cillium1': 26.54, 'cillium2': 38.45, 'cillium4': 34.47}","{'cillium4': True, 'cillium1': True, 'cillium2': True, 'cillium3': False}","{'cillium1': 0.8, 'cillium2': 1.0, 'cillium4': 0.9}","{'cillium1': 11.92, 'cillium2': 10.08, 'cillium4': 11.46}","{'cillium1': 6.59, 'cillium2': 10.74, 'cillium4': 9.66}",160,81.0
2024/07/22 08:02:30,"['cillium4', 'cillium1', 'cillium2', 'cillium3']","{'cillium1': 26.53, 'cillium2': 38.4, 'cillium4': 34.55}","{'cillium4': True, 'cillium1': True, 'cillium2': True, 'cillium3': False}","{'cillium1': 0.8, 'cillium2': 1.0, 'cillium4': 0.9}","{'cillium1': 12.66, 'cillium2': 14.53, 'cillium4': 9.26}","{'cillium1': 6.59, 'cillium2': 10.74, 'cillium4': 9.66}",140,81.0
2024/07/22 08:02:46,"['cillium4', 'cillium1', 'cillium2', 'cillium3']","{'cillium1': 26.41, 'cillium2': 38.41, 'cillium4': 34.52}","{'cillium4': True, 'cillium1': True, 'cillium2': True, 'cillium3': False}","{'cillium1': 0.8, 'cillium2': 1.0, 'cillium4': 0.9}","{'cillium1': 11.25, 'cillium2': 12.42, 'cillium4': 10.77}","{'cillium1': 6.59, 'cillium2': 10.74, 'cillium4': 9.66}",150,81.0
2024/07/22 08:03:01,"['cillium4', 'cillium1', 'cillium2', 'cillium3']","{'cillium1': 26.48, 'cillium2': 38.44, 'cillium4': 34.51}","{'cillium4': True, 'cillium1': True, 'cillium2': True, 'cillium3': False}","{'cillium1': 0.8, 'cillium2': 1.0, 'cillium4': 0.9}","{'cillium1': 13.77, 'cillium2': 9.95, 'cillium4': 9.02}","{'cillium1': 6.59, 'cillium2': 10.74, 'cillium4': 9.66}",140,81.0
2024/07/22 08:03:17,"['cillium4', 'cillium1', 'cillium2', 'cillium3']","{'cillium1': 26.54, 'cillium2': 38.34, 'cillium4': 34.53}","{'cillium4': True, 'cillium1': True, 'cillium2': True, 'cillium3': False}","{'cillium1': 0.8, 'cillium2': 1.0, 'cillium4': 0.9}","{'cillium1': 11.58, 'cillium2': 9.16, 'cillium4': 8.17}","{'cillium1': 6.59, 'cillium2': 10.74, 'cillium4': 9.66}",160,81.0
2024/07/22 08:03:32,"['cillium4', 'cillium1', 'cillium2', 'cillium3']","{'cillium1': 26.86, 'cillium2': 38.39, 'cillium4': 34.55}","{'cillium4': True, 'cillium1': True, 'cillium2': True, 'cillium3': False}","{'cillium1': 0.8, 'cillium2': 1.0, 'cillium4': 0.9}","{'cillium1': 13.45, 'cillium2': 14.06, 'cillium4': 10.19}","{'cillium1': 6.59, 'cillium2': 10.74, 'cillium4': 9.66}",140,81.0
2024/07/22 08:03:48,"['cillium4', 'cillium1', 'cillium2', 'cillium3']","{'cillium1': 26.79, 'cillium2': 38.37, 'cillium4': 34.6}","{'cillium4': True, 'cillium1': True, 'cillium2': True, 'cillium3': False}","{'cillium1': 0.8, 'cillium2': 1.0, 'cillium4': 0.9}","{'cillium1': 10.31, 'cillium2': 9.9, 'cillium4': 9.16}","{'cillium1': 6.59, 'cillium2': 10.74, 'cillium4': 9.66}",150,81.0
2024/07/22 08:04:03,"['cillium4', 'cillium1', 'cillium2', 'cillium3']","{'cillium1': 36.67, 'cillium2': 46.06, 'cillium4': 38.16}","{'cillium4': True, 'cillium1': True, 'cillium2': True, 'cillium3': False}","{'cillium1': 0.8, 'cillium2': 1.0, 'cillium4': 0.9}","{'cillium1': 24.39, 'cillium2': 21.04, 'cillium4': 15.02}","{'cillium1': 6.59, 'cillium2': 10.74, 'cillium4': 9.66}",190,81.0
2024/07/22 08:04:19,"['cillium4', 'cillium1', 'cillium2', 'cillium3']","{'cillium1': 50.57, 'cillium2': 57.49, 'cillium4': 50.92}","{'cillium4': True, 'cillium1': True, 'cillium2': True, 'cillium3': False}","{'cillium1': 1.9, 'cillium2': 1.9, 'cillium4': 1.9}","{'cillium1': 21.11, 'cillium2': 15.46, 'cillium4': 15.46}","{'cillium1': 18.4, 'cillium2': 20.4, 'cillium4': 20.4}",180,81.0
2024/07/22 08:04:35,"['cillium4', 'cillium1', 'cillium2', 'cillium3']","{'cillium1': 60.73, 'cillium2': 61.71, 'cillium4': 61.36}","{'cillium4': True, 'cillium1': True, 'cillium2': True, 'cillium3': False}","{'cillium1': 1.3, 'cillium2': 0.9, 'cillium4': 1.0}","{'cillium1': 13.52, 'cillium2': 10.27, 'cillium4': 10.78}","{'cillium1': 11.96, 'cillium2': 9.66, 'cillium4': 10.74}",150,81.0
2024/07/22 08:04:51,"['cillium4', 'cillium1', 'cillium2', 'cillium3']","{'cillium1': 56.86, 'cillium2': 52.76, 'cillium4': 58.94}","{'cillium4': True, 'cillium1': True, 'cillium2': True, 'cillium3': False}","{'cillium1': 1.3, 'cillium2': 0.9, 'cillium4': 1.0}","{'cillium1': 16.12, 'cillium2': 8.87, 'cillium4': 11.57}","{'cillium1': 11.96, 'cillium2': 9.66, 'cillium4': 10.74}",160,81.0
2024/07/22 08:05:06,"['cillium4', 'cillium1', 'cillium2', 'cillium3']","{'cillium1': 49.09, 'cillium2': 40.04, 'cillium4': 47.49}","{'cillium4': True, 'cillium1': True, 'cillium2': True, 'cillium3': False}","{'cillium1': 1.3, 'cillium2': 0.9, 'cillium4': 1.0}","{'cillium1': 19.14, 'cillium2': 10.58, 'cillium4': 8.94}","{'cillium1': 11.96, 'cillium2': 9.66, 'cillium4': 10.74}",160,81.0
2024/07/22 08:05:22,"['cillium4', 'cillium1', 'cillium2', 'cillium3']","{'cillium1': 45.51, 'cillium2': 34.67, 'cillium4': 38.43}","{'cillium4': True, 'cillium1': True, 'cillium2': True, 'cillium3': False}","{'cillium1': 1.3, 'cillium2': 0.9, 'cillium4': 1.0}","{'cillium1': 18.66, 'cillium2': 12.31, 'cillium4': 10.0}","{'cillium1': 11.96, 'cillium2': 9.66, 'cillium4': 10.74}",170,81.0
2024/07/22 08:05:37,"['cillium4', 'cillium1', 'cillium2', 'cillium3']","{'cillium1': 45.44, 'cillium2': 34.75, 'cillium4': 38.45}","{'cillium4': True, 'cillium1': True, 'cillium2': True, 'cillium3': False}","{'cillium1': 1.3, 'cillium2': 0.9, 'cillium4': 1.0}","{'cillium1': 16.31, 'cillium2': 12.12, 'cillium4': 12.34}","{'cillium1': 11.96, 'cillium2': 9.66, 'cillium4': 10.74}",150,81.0
2024/07/22 08:05:53,"['cillium4', 'cillium1', 'cillium2', 'cillium3']","{'cillium1': 45.52, 'cillium2': 34.78, 'cillium4': 38.48}","{'cillium4': True, 'cillium1': True, 'cillium2': True, 'cillium3': False}","{'cillium1': 1.3, 'cillium2': 0.9, 'cillium4': 1.0}","{'cillium1': 16.45, 'cillium2': 10.06, 'cillium4': 11.19}","{'cillium1': 11.96, 'cillium2': 9.66, 'cillium4': 10.74}",150,81.0
2024/07/22 08:06:09,"['cillium4', 'cillium1', 'cillium2', 'cillium3']","{'cillium1': 45.16, 'cillium2': 34.74, 'cillium4': 38.33}","{'cillium4': True, 'cillium1': True, 'cillium2': True, 'cillium3': False}","{'cillium1': 1.3, 'cillium2': 0.9, 'cillium4': 1.0}","{'cillium1': 18.0, 'cillium2': 8.73, 'cillium4': 10.89}","{'cillium1': 11.96, 'cillium2': 9.66, 'cillium4': 10.74}",150,81.0
2024/07/22 08:06:24,"['cillium4', 'cillium1', 'cillium2', 'cillium3']","{'cillium1': 45.11, 'cillium2': 34.7, 'cillium4': 38.32}","{'cillium4': True, 'cillium1': True, 'cillium2': True, 'cillium3': False}","{'cillium1': 1.3, 'cillium2': 0.9, 'cillium4': 1.0}","{'cillium1': 16.79, 'cillium2': 10.51, 'cillium4': 13.74}","{'cillium1': 11.96, 'cillium2': 9.66, 'cillium4': 10.74}",170,81.0
2024/07/22 08:06:40,"['cillium4', 'cillium1', 'cillium2', 'cillium3']","{'cillium1': 45.07, 'cillium2': 34.68, 'cillium4': 38.31}","{'cillium4': True, 'cillium1': True, 'cillium2': True, 'cillium3': False}","{'cillium1': 1.3, 'cillium2': 0.9, 'cillium4': 1.0}","{'cillium1': 17.32, 'cillium2': 8.58, 'cillium4': 13.83}","{'cillium1': 11.96, 'cillium2': 9.66, 'cillium4': 10.74}",150,81.0
2024/07/22 08:06:55,"['cillium4', 'cillium1', 'cillium2', 'cillium3']","{'cillium1': 45.03, 'cillium2': 34.63, 'cillium4': 38.29}","{'cillium4': True, 'cillium1': True, 'cillium2': True, 'cillium3': False}","{'cillium1': 1.3, 'cillium2': 0.9, 'cillium4': 1.0}","{'cillium1': 16.66, 'cillium2': 9.46, 'cillium4': 11.38}","{'cillium1': 11.96, 'cillium2': 9.66, 'cillium4': 10.74}",150,81.0
2024/07/22 08:07:11,"['cillium4', 'cillium1', 'cillium2', 'cillium3']","{'cillium1': 45.05, 'cillium2': 34.6, 'cillium4': 38.32}","{'cillium4': True, 'cillium1': True, 'cillium2': True, 'cillium3': False}","{'cillium1': 1.3, 'cillium2': 0.9, 'cillium4': 1.0}","{'cillium1': 16.46, 'cillium2': 9.14, 'cillium4': 12.12}","{'cillium1': 11.96, 'cillium2': 9.66, 'cillium4': 10.74}",150,81.0
2024/07/22 08:07:26,"['cillium4', 'cillium1', 'cillium2', 'cillium3']","{'cillium1': 45.38, 'cillium2': 34.64, 'cillium4': 38.33}","{'cillium4': True, 'cillium1': True, 'cillium2': True, 'cillium3': False}","{'cillium1': 1.3, 'cillium2': 0.9, 'cillium4': 1.0}","{'cillium1': 15.52, 'cillium2': 9.52, 'cillium4': 9.62}","{'cillium1': 11.96, 'cillium2': 9.66, 'cillium4': 10.74}",150,81.0
2024/07/22 08:07:42,"['cillium4', 'cillium1', 'cillium2', 'cillium3']","{'cillium1': 45.45, 'cillium2': 34.62, 'cillium4': 38.31}","{'cillium4': True, 'cillium1': True, 'cillium2': True, 'cillium3': False}","{'cillium1': 1.3, 'cillium2': 0.9, 'cillium4': 1.0}","{'cillium1': 18.48, 'cillium2': 9.16, 'cillium4': 11.73}","{'cillium1': 11.96, 'cillium2': 9.66, 'cillium4': 10.74}",160,81.0
2024/07/22 08:07:58,"['cillium4', 'cillium1', 'cillium2', 'cillium3']","{'cillium1': 45.45, 'cillium2': 34.68, 'cillium4': 38.33}","{'cillium4': True, 'cillium1': True, 'cillium2': True, 'cillium3': False}","{'cillium1': 1.3, 'cillium2': 0.9, 'cillium4': 1.0}","{'cillium1': 16.55, 'cillium2': 10.37, 'cillium4': 9.7}","{'cillium1': 11.96, 'cillium2': 9.66, 'cillium4': 10.74}",170,81.0
2024/07/22 08:08:15,"['cillium4', 'cillium1', 'cillium2', 'cillium3']","{'cillium1': 53.81, 'cillium2': 44.9, 'cillium4': 58.76}","{'cillium4': True, 'cillium1': True, 'cillium2': True, 'cillium3': False}","{'cillium1': 2.2, 'cillium2': 2.2, 'cillium4': 2.3}","{'cillium1': 22.85, 'cillium2': 18.56, 'cillium4': 24.29}","{'cillium1': 21.62, 'cillium2': 23.62, 'cillium4': 24.7}",190,81.0
2024/07/22 08:08:30,"['cillium4', 'cillium1', 'cillium2', 'cillium3']","{'cillium1': 65.34, 'cillium2': 61.46, 'cillium4': 73.19}","{'cillium4': True, 'cillium1': True, 'cillium2': True, 'cillium3': False}","{'cillium1': 2.2, 'cillium2': 2.2, 'cillium4': 2.3}","{'cillium1': 22.09, 'cillium2': 20.26, 'cillium4': 13.46}","{'cillium1': 21.62, 'cillium2': 23.62, 'cillium4': 24.7}",170,81.0
2024/07/22 08:08:46,"['cillium4', 'cillium1', 'cillium2', 'cillium3']","{'cillium1': 69.93, 'cillium2': 71.95, 'cillium4': 73.44}","{'cillium4': True, 'cillium1': True, 'cillium2': True, 'cillium3': False}","{'cillium1': 1.1, 'cillium2': 1.3, 'cillium4': 1.3}","{'cillium1': 13.54, 'cillium2': 11.53, 'cillium4': 11.8}","{'cillium1': 9.81, 'cillium2': 13.96, 'cillium4': 13.96}",160,81.0
2024/07/22 08:09:02,"['cillium4', 'cillium1', 'cillium2', 'cillium3']","{'cillium1': 58.94, 'cillium2': 66.76, 'cillium4': 60.36}","{'cillium4': True, 'cillium1': True, 'cillium2': True, 'cillium3': False}","{'cillium1': 1.1, 'cillium2': 1.3, 'cillium4': 1.3}","{'cillium1': 16.09, 'cillium2': 12.93, 'cillium4': 11.87}","{'cillium1': 9.81, 'cillium2': 13.96, 'cillium4': 13.96}",160,81.0
2024/07/22 08:09:17,"['cillium4', 'cillium1', 'cillium2', 'cillium3']","{'cillium1': 44.84, 'cillium2': 55.24, 'cillium4': 49.86}","{'cillium4': True, 'cillium1': True, 'cillium2': True, 'cillium3': False}","{'cillium1': 1.1, 'cillium2': 1.3, 'cillium4': 1.3}","{'cillium1': 16.1, 'cillium2': 16.02, 'cillium4': 12.68}","{'cillium1': 9.81, 'cillium2': 13.96, 'cillium4': 13.96}",170,81.0
2024/07/22 08:09:33,"['cillium4', 'cillium1', 'cillium2', 'cillium3']","{'cillium1': 37.99, 'cillium2': 49.82, 'cillium4': 49.87}","{'cillium4': True, 'cillium1': True, 'cillium2': True, 'cillium3': False}","{'cillium1': 1.1, 'cillium2': 1.3, 'cillium4': 1.3}","{'cillium1': 14.11, 'cillium2': 14.62, 'cillium4': 14.93}","{'cillium1': 9.81, 'cillium2': 13.96, 'cillium4': 13.96}",170,81.0
2024/07/22 08:09:48,"['cillium4', 'cillium1', 'cillium2', 'cillium3']","{'cillium1': 37.78, 'cillium2': 49.94, 'cillium4': 49.84}","{'cillium4': True, 'cillium1': True, 'cillium2': True, 'cillium3': False}","{'cillium1': 1.1, 'cillium2': 1.3, 'cillium4': 1.3}","{'cillium1': 14.27, 'cillium2': 12.85, 'cillium4': 14.6}","{'cillium1': 9.81, 'cillium2': 13.96, 'cillium4': 13.96}",170,81.0
2024/07/22 08:10:04,"['cillium4', 'cillium1', 'cillium2', 'cillium3']","{'cillium1': 37.44, 'cillium2': 49.89, 'cillium4': 49.72}","{'cillium4': True, 'cillium1': True, 'cillium2': True, 'cillium3': False}","{'cillium1': 1.1, 'cillium2': 1.3, 'cillium4': 1.3}","{'cillium1': 14.93, 'cillium2': 14.49, 'cillium4': 14.35}","{'cillium1': 9.81, 'cillium2': 13.96, 'cillium4': 13.96}",160,81.0
2024/07/22 08:10:19,"['cillium4', 'cillium1', 'cillium2', 'cillium3']","{'cillium1': 37.54, 'cillium2': 49.84, 'cillium4': 49.72}","{'cillium4': True, 'cillium1': True, 'cillium2': True, 'cillium3': False}","{'cillium1': 1.1, 'cillium2': 1.3, 'cillium4': 1.3}","{'cillium1': 14.81, 'cillium2': 13.35, 'cillium4': 11.95}","{'cillium1': 9.81, 'cillium2': 13.96, 'cillium4': 13.96}",160,81.0
2024/07/22 08:10:35,"['cillium4', 'cillium1', 'cillium2', 'cillium3']","{'cillium1': 37.72, 'cillium2': 49.79, 'cillium4': 49.76}","{'cillium4': True, 'cillium1': True, 'cillium2': True, 'cillium3': False}","{'cillium1': 1.1, 'cillium2': 1.3, 'cillium4': 1.3}","{'cillium1': 14.35, 'cillium2': 15.09, 'cillium4': 12.51}","{'cillium1': 9.81, 'cillium2': 13.96, 'cillium4': 13.96}",170,81.0
2024/07/22 08:10:50,"['cillium4', 'cillium1', 'cillium2', 'cillium3']","{'cillium1': 37.71, 'cillium2': 49.86, 'cillium4': 49.7}","{'cillium4': True, 'cillium1': True, 'cillium2': True, 'cillium3': False}","{'cillium1': 1.1, 'cillium2': 1.3, 'cillium4': 1.3}","{'cillium1': 14.48, 'cillium2': 11.03, 'cillium4': 11.49}","{'cillium1': 9.81, 'cillium2': 13.96, 'cillium4': 13.96}",160,81.0
2024/07/22 08:11:06,"['cillium4', 'cillium1', 'cillium2', 'cillium3']","{'cillium1': 37.58, 'cillium2': 49.77, 'cillium4': 49.73}","{'cillium4': True, 'cillium1': True, 'cillium2': True, 'cillium3': False}","{'cillium1': 1.1, 'cillium2': 1.3, 'cillium4': 1.3}","{'cillium1': 14.79, 'cillium2': 13.84, 'cillium4': 14.53}","{'cillium1': 9.81, 'cillium2': 13.96, 'cillium4': 13.96}",170,81.0
2024/07/22 08:11:21,"['cillium4', 'cillium1', 'cillium2', 'cillium3']","{'cillium1': 37.77, 'cillium2': 49.83, 'cillium4': 49.73}","{'cillium4': True, 'cillium1': True, 'cillium2': True, 'cillium3': False}","{'cillium1': 1.1, 'cillium2': 1.3, 'cillium4': 1.3}","{'cillium1': 14.71, 'cillium2': 12.43, 'cillium4': 14.35}","{'cillium1': 9.81, 'cillium2': 13.96, 'cillium4': 13.96}",170,81.0
2024/07/22 08:11:37,"['cillium4', 'cillium1', 'cillium2', 'cillium3']","{'cillium1': 37.86, 'cillium2': 49.76, 'cillium4': 49.79}","{'cillium4': True, 'cillium1': True, 'cillium2': True, 'cillium3': False}","{'cillium1': 1.1, 'cillium2': 1.3, 'cillium4': 1.3}","{'cillium1': 15.51, 'cillium2': 14.24, 'cillium4': 12.13}","{'cillium1': 9.81, 'cillium2': 13.96, 'cillium4': 13.96}",160,81.0
2024/07/22 08:11:52,"['cillium4', 'cillium1', 'cillium2', 'cillium3']","{'cillium1': 37.71, 'cillium2': 49.76, 'cillium4': 49.75}","{'cillium4': True, 'cillium1': True, 'cillium2': True, 'cillium3': False}","{'cillium1': 1.1, 'cillium2': 1.3, 'cillium4': 1.3}","{'cillium1': 16.16, 'cillium2': 14.34, 'cillium4': 11.02}","{'cillium1': 9.81, 'cillium2': 13.96, 'cillium4': 13.96}",150,81.0
2024/07/22 08:12:08,"['cillium4', 'cillium1', 'cillium2', 'cillium3']","{'cillium1': 49.26, 'cillium2': 58.53, 'cillium4': 52.53}","{'cillium4': True, 'cillium1': True, 'cillium2': True, 'cillium3': False}","{'cillium1': 2.6, 'cillium2': 2.5, 'cillium4': 2.6}","{'cillium1': 27.17, 'cillium2': 18.14, 'cillium4': 14.33}","{'cillium1': 25.92, 'cillium2': 26.84, 'cillium4': 27.92}",160,81.0
2024/07/22 08:12:24,"['cillium4', 'cillium1', 'cillium2', 'cillium3']","{'cillium1': 68.34, 'cillium2': 73.74, 'cillium4': 68.98}","{'cillium4': True, 'cillium1': True, 'cillium2': True, 'cillium3': False}","{'cillium1': 2.6, 'cillium2': 2.5, 'cillium4': 2.6}","{'cillium1': 31.34, 'cillium2': 25.82, 'cillium4': 19.72}","{'cillium1': 25.92, 'cillium2': 26.84, 'cillium4': 27.92}",160,81.0
2024/07/22 08:12:41,"['cillium4', 'cillium1', 'cillium2', 'cillium3']","{'cillium1': 82.78, 'cillium2': 80.89, 'cillium4': 83.69}","{'cillium4': True, 'cillium1': True, 'cillium2': True, 'cillium3': False}","{'cillium1': 1.7, 'cillium2': 1.2, 'cillium4': 1.3}","{'cillium1': 18.91, 'cillium2': 14.68, 'cillium4': 14.88}","{'cillium1': 16.25, 'cillium2': 12.88, 'cillium4': 13.96}",160,81.0
2024/07/22 08:12:57,"['cillium4', 'cillium1', 'cillium2', 'cillium3']","{'cillium1': 78.68, 'cillium2': 70.87, 'cillium4': 80.89}","{'cillium4': True, 'cillium1': True, 'cillium2': True, 'cillium3': False}","{'cillium1': 1.7, 'cillium2': 1.2, 'cillium4': 1.3}","{'cillium1': 20.47, 'cillium2': 13.02, 'cillium4': 9.84}","{'cillium1': 16.25, 'cillium2': 12.88, 'cillium4': 13.96}",160,81.0
2024/07/22 08:13:12,"['cillium4', 'cillium1', 'cillium2', 'cillium3']","{'cillium1': 67.34, 'cillium2': 54.43, 'cillium4': 64.42}","{'cillium4': True, 'cillium1': True, 'cillium2': True, 'cillium3': False}","{'cillium1': 1.7, 'cillium2': 1.2, 'cillium4': 1.3}","{'cillium1': 21.22, 'cillium2': 12.16, 'cillium4': 15.5}","{'cillium1': 16.25, 'cillium2': 12.88, 'cillium4': 13.96}",170,81.0
2024/07/22 08:13:28,"['cillium4', 'cillium1', 'cillium2', 'cillium3']","{'cillium1': 61.08, 'cillium2': 46.06, 'cillium4': 49.97}","{'cillium4': True, 'cillium1': True, 'cillium2': True, 'cillium3': False}","{'cillium1': 1.7, 'cillium2': 1.2, 'cillium4': 1.3}","{'cillium1': 22.59, 'cillium2': 11.48, 'cillium4': 15.18}","{'cillium1': 16.25, 'cillium2': 12.88, 'cillium4': 13.96}",160,81.0
2024/07/22 08:13:44,"['cillium4', 'cillium1', 'cillium2', 'cillium3']","{'cillium1': 60.9, 'cillium2': 46.22, 'cillium4': 50.0}","{'cillium4': True, 'cillium1': True, 'cillium2': True, 'cillium3': False}","{'cillium1': 1.7, 'cillium2': 1.2, 'cillium4': 1.3}","{'cillium1': 18.18, 'cillium2': 12.08, 'cillium4': 14.87}","{'cillium1': 16.25, 'cillium2': 12.88, 'cillium4': 13.96}",160,81.0
2024/07/22 08:14:00,"['cillium4', 'cillium1', 'cillium2', 'cillium3']","{'cillium1': 60.96, 'cillium2': 46.24, 'cillium4': 49.94}","{'cillium4': True, 'cillium1': True, 'cillium2': True, 'cillium3': False}","{'cillium1': 1.7, 'cillium2': 1.2, 'cillium4': 1.3}","{'cillium1': 19.15, 'cillium2': 12.14, 'cillium4': 12.28}","{'cillium1': 16.25, 'cillium2': 12.88, 'cillium4': 13.96}",170,81.0
2024/07/22 08:14:15,"['cillium4', 'cillium1', 'cillium2', 'cillium3']","{'cillium1': 60.57, 'cillium2': 46.17, 'cillium4': 49.77}","{'cillium4': True, 'cillium1': True, 'cillium2': True, 'cillium3': False}","{'cillium1': 1.7, 'cillium2': 1.2, 'cillium4': 1.3}","{'cillium1': 18.58, 'cillium2': 13.27, 'cillium4': 13.22}","{'cillium1': 16.25, 'cillium2': 12.88, 'cillium4': 13.96}",170,81.0
2024/07/22 08:14:31,"['cillium4', 'cillium1', 'cillium2', 'cillium3']","{'cillium1': 60.76, 'cillium2': 46.05, 'cillium4': 49.75}","{'cillium4': True, 'cillium1': True, 'cillium2': True, 'cillium3': False}","{'cillium1': 1.7, 'cillium2': 1.2, 'cillium4': 1.3}","{'cillium1': 22.16, 'cillium2': 14.39, 'cillium4': 13.04}","{'cillium1': 16.25, 'cillium2': 12.88, 'cillium4': 13.96}",170,81.0
2024/07/22 08:14:47,"['cillium4', 'cillium1', 'cillium2', 'cillium3']","{'cillium1': 60.52, 'cillium2': 45.96, 'cillium4': 49.7}","{'cillium4': True, 'cillium1': True, 'cillium2': True, 'cillium3': False}","{'cillium1': 1.7, 'cillium2': 1.2, 'cillium4': 1.3}","{'cillium1': 21.27, 'cillium2': 13.56, 'cillium4': 12.35}","{'cillium1': 16.25, 'cillium2': 12.88, 'cillium4': 13.96}",170,81.0
2024/07/22 08:15:02,"['cillium4', 'cillium1', 'cillium2', 'cillium3']","{'cillium1': 60.43, 'cillium2': 45.99, 'cillium4': 49.73}","{'cillium4': True, 'cillium1': True, 'cillium2': True, 'cillium3': False}","{'cillium1': 1.7, 'cillium2': 1.2, 'cillium4': 1.3}","{'cillium1': 22.79, 'cillium2': 12.15, 'cillium4': 14.78}","{'cillium1': 16.25, 'cillium2': 12.88, 'cillium4': 13.96}",160,81.0
2024/07/22 08:15:18,"['cillium4', 'cillium1', 'cillium2', 'cillium3']","{'cillium1': 60.46, 'cillium2': 45.97, 'cillium4': 49.74}","{'cillium4': True, 'cillium1': True, 'cillium2': True, 'cillium3': False}","{'cillium1': 1.7, 'cillium2': 1.2, 'cillium4': 1.3}","{'cillium1': 21.16, 'cillium2': 11.31, 'cillium4': 12.63}","{'cillium1': 16.25, 'cillium2': 12.88, 'cillium4': 13.96}",170,81.0
2024/07/22 08:15:34,"['cillium4', 'cillium1', 'cillium2', 'cillium3']","{'cillium1': 60.82, 'cillium2': 46.05, 'cillium4': 49.79}","{'cillium4': True, 'cillium1': True, 'cillium2': True, 'cillium3': False}","{'cillium1': 1.7, 'cillium2': 1.2, 'cillium4': 1.3}","{'cillium1': 21.61, 'cillium2': 13.16, 'cillium4': 12.98}","{'cillium1': 16.25, 'cillium2': 12.88, 'cillium4': 13.96}",160,81.0
2024/07/22 08:15:49,"['cillium4', 'cillium1', 'cillium2', 'cillium3']","{'cillium1': 60.68, 'cillium2': 46.04, 'cillium4': 49.76}","{'cillium4': True, 'cillium1': True, 'cillium2': True, 'cillium3': False}","{'cillium1': 1.7, 'cillium2': 1.2, 'cillium4': 1.3}","{'cillium1': 17.79, 'cillium2': 14.37, 'cillium4': 11.74}","{'cillium1': 16.25, 'cillium2': 12.88, 'cillium4': 13.96}",170,81.0
2024/07/22 08:16:05,"['cillium4', 'cillium1', 'cillium2', 'cillium3']","{'cillium1': 66.79, 'cillium2': 54.51, 'cillium4': 52.05}","{'cillium4': True, 'cillium1': True, 'cillium2': True, 'cillium3': False}","{'cillium1': 1.7, 'cillium2': 1.2, 'cillium4': 1.3}","{'cillium1': 17.79, 'cillium2': 14.37, 'cillium4': 14.06}","{'cillium1': 16.25, 'cillium2': 12.88, 'cillium4': 13.96}",200,81.0
2024/07/22 08:16:36,"['cillium4', 'cillium1', 'cillium2', 'cillium3']","{'cillium1': 88.19, 'cillium2': 86.36, 'cillium4': 84.73}","{'cillium4': True, 'cillium1': True, 'cillium2': True, 'cillium3': False}","{'cillium1': 1.4, 'cillium2': 1.7, 'cillium4': 1.6}","{'cillium1': 19.84, 'cillium2': 16.93, 'cillium4': 18.43}","{'cillium1': 13.03, 'cillium2': 18.25, 'cillium4': 17.18}",170,81.0
2024/07/22 08:16:52,"['cillium4', 'cillium1', 'cillium2', 'cillium3']","{'cillium1': 76.87, 'cillium2': 83.66, 'cillium4': 86.41}","{'cillium4': True, 'cillium1': True, 'cillium2': True, 'cillium3': False}","{'cillium1': 1.4, 'cillium2': 1.7, 'cillium4': 1.6}","{'cillium1': 18.14, 'cillium2': 18.3, 'cillium4': 15.08}","{'cillium1': 13.03, 'cillium2': 18.25, 'cillium4': 17.18}",180,81.0
2024/07/22 08:17:08,"['cillium4', 'cillium1', 'cillium2', 'cillium3']","{'cillium1': 59.81, 'cillium2': 71.86, 'cillium4': 73.85}","{'cillium4': True, 'cillium1': True, 'cillium2': True, 'cillium3': False}","{'cillium1': 1.4, 'cillium2': 1.7, 'cillium4': 1.6}","{'cillium1': 16.52, 'cillium2': 16.51, 'cillium4': 15.07}","{'cillium1': 13.03, 'cillium2': 18.25, 'cillium4': 17.18}",170,81.0
2024/07/22 08:17:23,"['cillium4', 'cillium1', 'cillium2', 'cillium3']","{'cillium1': 49.62, 'cillium2': 65.08, 'cillium4': 61.36}","{'cillium4': True, 'cillium1': True, 'cillium2': True, 'cillium3': False}","{'cillium1': 1.4, 'cillium2': 1.7, 'cillium4': 1.6}","{'cillium1': 17.5, 'cillium2': 17.53, 'cillium4': 18.14}","{'cillium1': 13.03, 'cillium2': 18.25, 'cillium4': 17.18}",170,81.0
2024/07/22 08:17:39,"['cillium4', 'cillium1', 'cillium2', 'cillium3']","{'cillium1': 49.38, 'cillium2': 65.26, 'cillium4': 61.45}","{'cillium4': True, 'cillium1': True, 'cillium2': True, 'cillium3': False}","{'cillium1': 1.4, 'cillium2': 1.7, 'cillium4': 1.6}","{'cillium1': 17.92, 'cillium2': 16.34, 'cillium4': 18.2}","{'cillium1': 13.03, 'cillium2': 18.25, 'cillium4': 17.18}",170,81.0
2024/07/22 08:17:54,"['cillium4', 'cillium1', 'cillium2', 'cillium3']","{'cillium1': 49.53, 'cillium2': 65.26, 'cillium4': 61.42}","{'cillium4': True, 'cillium1': True, 'cillium2': True, 'cillium3': False}","{'cillium1': 1.4, 'cillium2': 1.7, 'cillium4': 1.6}","{'cillium1': 17.27, 'cillium2': 15.93, 'cillium4': 13.45}","{'cillium1': 13.03, 'cillium2': 18.25, 'cillium4': 17.18}",160,81.0
2024/07/22 08:18:10,"['cillium4', 'cillium1', 'cillium2', 'cillium3']","{'cillium1': 49.15, 'cillium2': 65.24, 'cillium4': 61.42}","{'cillium4': True, 'cillium1': True, 'cillium2': True, 'cillium3': False}","{'cillium1': 1.4, 'cillium2': 1.7, 'cillium4': 1.6}","{'cillium1': 18.33, 'cillium2': 16.67, 'cillium4': 13.44}","{'cillium1': 13.03, 'cillium2': 18.25, 'cillium4': 17.18}",180,81.0
2024/07/22 08:18:26,"['cillium4', 'cillium1', 'cillium2', 'cillium3']","{'cillium1': 49.07, 'cillium2': 65.06, 'cillium4': 61.16}","{'cillium4': True, 'cillium1': True, 'cillium2': True, 'cillium3': False}","{'cillium1': 1.4, 'cillium2': 1.7, 'cillium4': 1.6}","{'cillium1': 16.22, 'cillium2': 15.2, 'cillium4': 15.57}","{'cillium1': 13.03, 'cillium2': 18.25, 'cillium4': 17.18}",170,81.0
2024/07/22 08:18:41,"['cillium4', 'cillium1', 'cillium2', 'cillium3']","{'cillium1': 49.06, 'cillium2': 65.06, 'cillium4': 61.19}","{'cillium4': True, 'cillium1': True, 'cillium2': True, 'cillium3': False}","{'cillium1': 1.4, 'cillium2': 1.7, 'cillium4': 1.6}","{'cillium1': 16.19, 'cillium2': 16.1, 'cillium4': 13.17}","{'cillium1': 13.03, 'cillium2': 18.25, 'cillium4': 17.18}",180,81.0
2024/07/22 08:18:57,"['cillium4', 'cillium1', 'cillium2', 'cillium3']","{'cillium1': 49.06, 'cillium2': 65.03, 'cillium4': 61.17}","{'cillium4': True, 'cillium1': True, 'cillium2': True, 'cillium3': False}","{'cillium1': 1.4, 'cillium2': 1.7, 'cillium4': 1.6}","{'cillium1': 18.84, 'cillium2': 15.31, 'cillium4': 16.0}","{'cillium1': 13.03, 'cillium2': 18.25, 'cillium4': 17.18}",180,81.0
2024/07/22 08:19:12,"['cillium4', 'cillium1', 'cillium2', 'cillium3']","{'cillium1': 49.09, 'cillium2': 65.02, 'cillium4': 61.16}","{'cillium4': True, 'cillium1': True, 'cillium2': True, 'cillium3': False}","{'cillium1': 1.4, 'cillium2': 1.7, 'cillium4': 1.6}","{'cillium1': 20.91, 'cillium2': 16.92, 'cillium4': 15.23}","{'cillium1': 13.03, 'cillium2': 18.25, 'cillium4': 17.18}",170,81.0
2024/07/22 08:19:28,"['cillium4', 'cillium1', 'cillium2', 'cillium3']","{'cillium1': 49.43, 'cillium2': 65.05, 'cillium4': 61.11}","{'cillium4': True, 'cillium1': True, 'cillium2': True, 'cillium3': False}","{'cillium1': 1.4, 'cillium2': 1.7, 'cillium4': 1.6}","{'cillium1': 18.69, 'cillium2': 19.73, 'cillium4': 16.21}","{'cillium1': 13.03, 'cillium2': 18.25, 'cillium4': 17.18}",170,81.0
2024/07/22 08:19:44,"['cillium4', 'cillium1', 'cillium2', 'cillium3']","{'cillium1': 49.4, 'cillium2': 65.04, 'cillium4': 61.09}","{'cillium4': True, 'cillium1': True, 'cillium2': True, 'cillium3': False}","{'cillium1': 1.4, 'cillium2': 1.7, 'cillium4': 1.6}","{'cillium1': 18.54, 'cillium2': 16.35, 'cillium4': 17.91}","{'cillium1': 13.03, 'cillium2': 18.25, 'cillium4': 17.18}",170,81.0
2024/07/22 08:19:59,"['cillium4', 'cillium1', 'cillium2', 'cillium3']","{'cillium1': 49.38, 'cillium2': 65.08, 'cillium4': 62.82}","{'cillium4': True, 'cillium1': True, 'cillium2': True, 'cillium3': False}","{'cillium1': 1.4, 'cillium2': 1.7, 'cillium4': 1.6}","{'cillium1': 17.52, 'cillium2': 20.46, 'cillium4': 17.54}","{'cillium1': 13.03, 'cillium2': 18.25, 'cillium4': 17.18}",180,81.0
2024/07/22 08:20:29,"['cillium4', 'cillium1', 'cillium2', 'cillium3']","{'cillium1': 75.47, 'cillium2': 82.69, 'cillium4': 88.68}","{'cillium4': True, 'cillium1': True, 'cillium2': True, 'cillium3': False}","{'cillium1': 3.3, 'cillium2': 3.1, 'cillium4': 3.1}","{'cillium1': 30.89, 'cillium2': 22.8, 'cillium4': 16.47}","{'cillium1': 33.43, 'cillium2': 33.29, 'cillium4': 33.29}",180,81.0
2024/07/22 08:20:46,"['cillium4', 'cillium1', 'cillium2', 'cillium3']","{'cillium1': 91.15, 'cillium2': 90.1, 'cillium4': 88.39}","{'cillium4': True, 'cillium1': True, 'cillium2': True, 'cillium3': False}","{'cillium1': 2.1, 'cillium2': 1.5, 'cillium4': 1.6}","{'cillium1': 22.98, 'cillium2': 15.52, 'cillium4': 17.49}","{'cillium1': 20.55, 'cillium2': 16.11, 'cillium4': 17.18}",170,81.0
2024/07/22 08:21:02,"['cillium4', 'cillium1', 'cillium2', 'cillium3']","{'cillium1': 88.51, 'cillium2': 81.6, 'cillium4': 74.53}","{'cillium4': True, 'cillium1': True, 'cillium2': True, 'cillium3': False}","{'cillium1': 2.1, 'cillium2': 1.5, 'cillium4': 1.6}","{'cillium1': 22.55, 'cillium2': 15.95, 'cillium4': 17.34}","{'cillium1': 20.55, 'cillium2': 16.11, 'cillium4': 17.18}",180,81.0
2024/07/22 08:21:18,"['cillium4', 'cillium1', 'cillium2', 'cillium3']","{'cillium1': 82.79, 'cillium2': 67.4, 'cillium4': 62.56}","{'cillium4': True, 'cillium1': True, 'cillium2': True, 'cillium3': False}","{'cillium1': 2.1, 'cillium2': 1.5, 'cillium4': 1.6}","{'cillium1': 24.99, 'cillium2': 13.76, 'cillium4': 14.95}","{'cillium1': 20.55, 'cillium2': 16.11, 'cillium4': 17.18}",180,81.0
2024/07/22 08:21:34,"['cillium4', 'cillium1', 'cillium2', 'cillium3']","{'cillium1': 75.86, 'cillium2': 57.74, 'cillium4': 61.46}","{'cillium4': True, 'cillium1': True, 'cillium2': True, 'cillium3': False}","{'cillium1': 2.1, 'cillium2': 1.5, 'cillium4': 1.6}","{'cillium1': 29.81, 'cillium2': 16.15, 'cillium4': 17.01}","{'cillium1': 20.55, 'cillium2': 16.11, 'cillium4': 17.18}",180,81.0
2024/07/22 08:21:50,"['cillium4', 'cillium1', 'cillium2', 'cillium3']","{'cillium1': 75.86, 'cillium2': 57.72, 'cillium4': 62.9}","{'cillium4': True, 'cillium1': True, 'cillium2': True, 'cillium3': False}","{'cillium1': 2.1, 'cillium2': 1.5, 'cillium4': 1.6}","{'cillium1': 25.85, 'cillium2': 15.71, 'cillium4': 15.19}","{'cillium1': 20.55, 'cillium2': 16.11, 'cillium4': 17.18}",190,81.0
2024/07/22 08:22:06,"['cillium4', 'cillium1', 'cillium2', 'cillium3']","{'cillium1': 75.91, 'cillium2': 57.75, 'cillium4': 62.88}","{'cillium4': True, 'cillium1': True, 'cillium2': True, 'cillium3': False}","{'cillium1': 2.1, 'cillium2': 1.5, 'cillium4': 1.6}","{'cillium1': 26.17, 'cillium2': 13.65, 'cillium4': 16.56}","{'cillium1': 20.55, 'cillium2': 16.11, 'cillium4': 17.18}",170,81.0
2024/07/22 08:22:22,"['cillium4', 'cillium1', 'cillium2', 'cillium3']","{'cillium1': 75.76, 'cillium2': 57.44, 'cillium4': 62.57}","{'cillium4': True, 'cillium1': True, 'cillium2': True, 'cillium3': False}","{'cillium1': 2.1, 'cillium2': 1.5, 'cillium4': 1.6}","{'cillium1': 24.31, 'cillium2': 16.4, 'cillium4': 16.89}","{'cillium1': 20.55, 'cillium2': 16.11, 'cillium4': 17.18}",170,81.0
2024/07/22 08:22:38,"['cillium4', 'cillium1', 'cillium2', 'cillium3']","{'cillium1': 75.9, 'cillium2': 57.43, 'cillium4': 61.18}","{'cillium4': True, 'cillium1': True, 'cillium2': True, 'cillium3': False}","{'cillium1': 2.1, 'cillium2': 1.5, 'cillium4': 1.6}","{'cillium1': 24.45, 'cillium2': 13.27, 'cillium4': 15.08}","{'cillium1': 20.55, 'cillium2': 16.11, 'cillium4': 17.18}",170,81.0
2024/07/22 08:22:54,"['cillium4', 'cillium1', 'cillium2', 'cillium3']","{'cillium1': 75.66, 'cillium2': 57.4, 'cillium4': 61.17}","{'cillium4': True, 'cillium1': True, 'cillium2': True, 'cillium3': False}","{'cillium1': 2.1, 'cillium2': 1.5, 'cillium4': 1.6}","{'cillium1': 22.01, 'cillium2': 12.42, 'cillium4': 14.91}","{'cillium1': 20.55, 'cillium2': 16.11, 'cillium4': 17.18}",170,81.0
2024/07/22 08:23:09,"['cillium4', 'cillium1', 'cillium2', 'cillium3']","{'cillium1': 75.72, 'cillium2': 57.42, 'cillium4': 61.14}","{'cillium4': True, 'cillium1': True, 'cillium2': True, 'cillium3': False}","{'cillium1': 2.1, 'cillium2': 1.5, 'cillium4': 1.6}","{'cillium1': 25.01, 'cillium2': 16.07, 'cillium4': 15.9}","{'cillium1': 20.55, 'cillium2': 16.11, 'cillium4': 17.18}",170,81.0
2024/07/22 08:23:25,"['cillium4', 'cillium1', 'cillium2', 'cillium3']","{'cillium1': 76.04, 'cillium2': 57.42, 'cillium4': 61.13}","{'cillium4': True, 'cillium1': True, 'cillium2': True, 'cillium3': False}","{'cillium1': 2.1, 'cillium2': 1.5, 'cillium4': 1.6}","{'cillium1': 22.91, 'cillium2': 17.03, 'cillium4': 15.06}","{'cillium1': 20.55, 'cillium2': 16.11, 'cillium4': 17.18}",170,81.0
2024/07/22 08:23:41,"['cillium4', 'cillium1', 'cillium2', 'cillium3']","{'cillium1': 76.09, 'cillium2': 57.44, 'cillium4': 61.16}","{'cillium4': True, 'cillium1': True, 'cillium2': True, 'cillium3': False}","{'cillium1': 2.1, 'cillium2': 1.5, 'cillium4': 1.6}","{'cillium1': 24.34, 'cillium2': 14.46, 'cillium4': 18.02}","{'cillium1': 20.55, 'cillium2': 16.11, 'cillium4': 17.18}",170,81.0
2024/07/22 08:23:57,"['cillium4', 'cillium1', 'cillium2', 'cillium3']","{'cillium1': 76.15, 'cillium2': 57.38, 'cillium4': 61.16}","{'cillium4': True, 'cillium1': True, 'cillium2': True, 'cillium3': False}","{'cillium1': 2.1, 'cillium2': 1.5, 'cillium4': 1.6}","{'cillium1': 21.62, 'cillium2': 16.06, 'cillium4': 15.78}","{'cillium1': 20.55, 'cillium2': 16.11, 'cillium4': 17.18}",170,81.0
2024/07/22 08:24:29,"['cillium4', 'cillium1', 'cillium2', 'cillium3']","{'cillium1': 87.86, 'cillium2': 77.34, 'cillium4': 87.5}","{'cillium4': True, 'cillium1': True, 'cillium2': True, 'cillium3': False}","{'cillium1': 3.3, 'cillium2': 3.1, 'cillium4': 3.1}","{'cillium1': 36.4, 'cillium2': 29.48, 'cillium4': 20.64}","{'cillium1': 33.43, 'cillium2': 33.29, 'cillium4': 33.29}",200,81.0
2024/07/22 08:24:45,"['cillium4', 'cillium1', 'cillium2', 'cillium3']","{'cillium1': 93.89, 'cillium2': 89.27, 'cillium4': 93.83}","{'cillium4': True, 'cillium1': True, 'cillium2': True, 'cillium3': False}","{'cillium1': 1.8, 'cillium2': 1.8, 'cillium4': 2.1}","{'cillium1': 18.07, 'cillium2': 14.0, 'cillium4': 18.96}","{'cillium1': 17.33, 'cillium2': 19.33, 'cillium4': 22.55}",170,81.0
2024/07/22 08:25:01,"['cillium4', 'cillium1', 'cillium2', 'cillium3']","{'cillium1': 83.42, 'cillium2': 87.45, 'cillium4': 87.61}","{'cillium4': True, 'cillium1': True, 'cillium2': True, 'cillium3': False}","{'cillium1': 1.8, 'cillium2': 1.8, 'cillium4': 2.1}","{'cillium1': 22.29, 'cillium2': 18.66, 'cillium4': 18.84}","{'cillium1': 17.33, 'cillium2': 19.33, 'cillium4': 22.55}",170,81.0
2024/07/22 08:25:17,"['cillium4', 'cillium1', 'cillium2', 'cillium3']","{'cillium1': 74.81, 'cillium2': 77.13, 'cillium4': 81.02}","{'cillium4': True, 'cillium1': True, 'cillium2': True, 'cillium3': False}","{'cillium1': 1.8, 'cillium2': 1.8, 'cillium4': 2.1}","{'cillium1': 23.02, 'cillium2': 18.19, 'cillium4': 21.42}","{'cillium1': 17.33, 'cillium2': 19.33, 'cillium4': 22.55}",170,81.0
2024/07/22 08:25:32,"['cillium4', 'cillium1', 'cillium2', 'cillium3']","{'cillium1': 65.08, 'cillium2': 69.08, 'cillium4': 80.47}","{'cillium4': True, 'cillium1': True, 'cillium2': True, 'cillium3': False}","{'cillium1': 1.8, 'cillium2': 1.8, 'cillium4': 2.1}","{'cillium1': 21.47, 'cillium2': 17.16, 'cillium4': 20.07}","{'cillium1': 17.33, 'cillium2': 19.33, 'cillium4': 22.55}",170,81.0
2024/07/22 08:25:48,"['cillium4', 'cillium1', 'cillium2', 'cillium3']","{'cillium1': 64.78, 'cillium2': 69.19, 'cillium4': 80.52}","{'cillium4': True, 'cillium1': True, 'cillium2': True, 'cillium3': False}","{'cillium1': 1.8, 'cillium2': 1.8, 'cillium4': 2.1}","{'cillium1': 21.77, 'cillium2': 15.75, 'cillium4': 25.77}","{'cillium1': 17.33, 'cillium2': 19.33, 'cillium4': 22.55}",170,81.0
2024/07/22 08:26:04,"['cillium4', 'cillium1', 'cillium2', 'cillium3']","{'cillium1': 64.47, 'cillium2': 69.13, 'cillium4': 80.49}","{'cillium4': True, 'cillium1': True, 'cillium2': True, 'cillium3': False}","{'cillium1': 1.8, 'cillium2': 1.8, 'cillium4': 2.1}","{'cillium1': 21.55, 'cillium2': 16.21, 'cillium4': 24.18}","{'cillium1': 17.33, 'cillium2': 19.33, 'cillium4': 22.55}",180,81.0
2024/07/22 08:26:19,"['cillium4', 'cillium1', 'cillium2', 'cillium3']","{'cillium1': 64.06, 'cillium2': 68.83, 'cillium4': 80.22}","{'cillium4': True, 'cillium1': True, 'cillium2': True, 'cillium3': False}","{'cillium1': 1.8, 'cillium2': 1.8, 'cillium4': 2.1}","{'cillium1': 21.71, 'cillium2': 19.92, 'cillium4': 19.72}","{'cillium1': 17.33, 'cillium2': 19.33, 'cillium4': 22.55}",180,81.0
2024/07/22 08:26:35,"['cillium4', 'cillium1', 'cillium2', 'cillium3']","{'cillium1': 64.31, 'cillium2': 68.89, 'cillium4': 80.19}","{'cillium4': True, 'cillium1': True, 'cillium2': True, 'cillium3': False}","{'cillium1': 1.8, 'cillium2': 1.8, 'cillium4': 2.1}","{'cillium1': 19.3, 'cillium2': 21.0, 'cillium4': 21.21}","{'cillium1': 17.33, 'cillium2': 19.33, 'cillium4': 22.55}",180,81.0
2024/07/22 08:26:51,"['cillium4', 'cillium1', 'cillium2', 'cillium3']","{'cillium1': 64.26, 'cillium2': 68.82, 'cillium4': 80.18}","{'cillium4': True, 'cillium1': True, 'cillium2': True, 'cillium3': False}","{'cillium1': 1.8, 'cillium2': 1.8, 'cillium4': 2.1}","{'cillium1': 20.27, 'cillium2': 19.75, 'cillium4': 18.96}","{'cillium1': 17.33, 'cillium2': 19.33, 'cillium4': 22.55}",180,81.0
2024/07/22 08:27:07,"['cillium4', 'cillium1', 'cillium2', 'cillium3']","{'cillium1': 64.47, 'cillium2': 68.86, 'cillium4': 80.11}","{'cillium4': True, 'cillium1': True, 'cillium2': True, 'cillium3': False}","{'cillium1': 1.8, 'cillium2': 1.8, 'cillium4': 2.1}","{'cillium1': 19.35, 'cillium2': 17.58, 'cillium4': 22.84}","{'cillium1': 17.33, 'cillium2': 19.33, 'cillium4': 22.55}",170,81.1
2024/07/22 08:27:22,"['cillium4', 'cillium1', 'cillium2', 'cillium3']","{'cillium1': 64.27, 'cillium2': 68.82, 'cillium4': 80.17}","{'cillium4': True, 'cillium1': True, 'cillium2': True, 'cillium3': False}","{'cillium1': 1.8, 'cillium2': 1.8, 'cillium4': 2.1}","{'cillium1': 21.35, 'cillium2': 18.6, 'cillium4': 19.82}","{'cillium1': 17.33, 'cillium2': 19.33, 'cillium4': 22.55}",190,81.1
2024/07/22 08:27:38,"['cillium4', 'cillium1', 'cillium2', 'cillium3']","{'cillium1': 64.69, 'cillium2': 68.86, 'cillium4': 80.18}","{'cillium4': True, 'cillium1': True, 'cillium2': True, 'cillium3': False}","{'cillium1': 1.8, 'cillium2': 1.8, 'cillium4': 2.1}","{'cillium1': 21.51, 'cillium2': 17.28, 'cillium4': 19.79}","{'cillium1': 17.33, 'cillium2': 19.33, 'cillium4': 22.55}",190,81.1
2024/07/22 08:27:54,"['cillium4', 'cillium1', 'cillium2', 'cillium3']","{'cillium1': 64.68, 'cillium2': 68.82, 'cillium4': 80.23}","{'cillium4': True, 'cillium1': True, 'cillium2': True, 'cillium3': False}","{'cillium1': 1.8, 'cillium2': 1.8, 'cillium4': 2.1}","{'cillium1': 22.17, 'cillium2': 19.23, 'cillium4': 19.55}","{'cillium1': 17.33, 'cillium2': 19.33, 'cillium4': 22.55}",170,81.1
2024/07/22 08:28:10,"['cillium4', 'cillium1', 'cillium2', 'cillium3']","{'cillium1': 73.59, 'cillium2': 73.08, 'cillium4': 80.42}","{'cillium4': True, 'cillium1': True, 'cillium2': True, 'cillium3': False}","{'cillium1': 3.3, 'cillium2': 3.1, 'cillium4': 3.1}","{'cillium1': 22.17, 'cillium2': 19.87, 'cillium4': 18.18}","{'cillium1': 33.43, 'cillium2': 33.29, 'cillium4': 33.29}",180,81.1
2024/07/22 08:28:47,"['cillium4', 'cillium1', 'cillium2', 'cillium3']","{'cillium1': 93.43, 'cillium2': 92.1, 'cillium4': 91.91}","{'cillium4': True, 'cillium1': True, 'cillium2': True, 'cillium3': False}","{'cillium1': 2.3, 'cillium2': 2.1, 'cillium4': 1.7}","{'cillium1': 22.66, 'cillium2': 10.8, 'cillium4': 19.7}","{'cillium1': 22.7, 'cillium2': 22.55, 'cillium4': 18.25}",170,81.1
2024/07/22 08:29:03,"['cillium4', 'cillium1', 'cillium2', 'cillium3']","{'cillium1': 95.26, 'cillium2': 92.2, 'cillium4': 81.46}","{'cillium4': True, 'cillium1': True, 'cillium2': True, 'cillium3': False}","{'cillium1': 2.3, 'cillium2': 2.1, 'cillium4': 1.8}","{'cillium1': 25.84, 'cillium2': 18.37, 'cillium4': 15.4}","{'cillium1': 22.7, 'cillium2': 22.55, 'cillium4': 19.33}",190,81.1
2024/07/22 08:29:19,"['cillium4', 'cillium1', 'cillium2', 'cillium3']","{'cillium1': 84.2, 'cillium2': 80.78, 'cillium4': 71.03}","{'cillium4': True, 'cillium1': True, 'cillium2': True, 'cillium3': False}","{'cillium1': 2.3, 'cillium2': 2.1, 'cillium4': 1.8}","{'cillium1': 23.48, 'cillium2': 24.15, 'cillium4': 18.67}","{'cillium1': 22.7, 'cillium2': 22.55, 'cillium4': 19.33}",190,81.1
2024/07/22 08:29:34,"['cillium4', 'cillium1', 'cillium2', 'cillium3']","{'cillium1': 83.84, 'cillium2': 80.65, 'cillium4': 69.15}","{'cillium4': True, 'cillium1': True, 'cillium2': True, 'cillium3': False}","{'cillium1': 2.3, 'cillium2': 2.1, 'cillium4': 1.8}","{'cillium1': 24.38, 'cillium2': 21.1, 'cillium4': 16.81}","{'cillium1': 22.7, 'cillium2': 22.55, 'cillium4': 19.33}",170,81.1
2024/07/22 08:29:50,"['cillium4', 'cillium1', 'cillium2', 'cillium3']","{'cillium1': 83.74, 'cillium2': 80.61, 'cillium4': 69.22}","{'cillium4': True, 'cillium1': True, 'cillium2': True, 'cillium3': False}","{'cillium1': 2.3, 'cillium2': 2.1, 'cillium4': 1.8}","{'cillium1': 27.15, 'cillium2': 20.94, 'cillium4': 17.5}","{'cillium1': 22.7, 'cillium2': 22.55, 'cillium4': 19.33}",180,81.1
2024/07/22 08:30:07,"['cillium4', 'cillium1', 'cillium2', 'cillium3']","{'cillium1': 84.03, 'cillium2': 80.57, 'cillium4': 69.18}","{'cillium4': True, 'cillium1': True, 'cillium2': True, 'cillium3': False}","{'cillium1': 2.3, 'cillium2': 2.1, 'cillium4': 1.8}","{'cillium1': 26.46, 'cillium2': 19.0, 'cillium4': 17.26}","{'cillium1': 22.7, 'cillium2': 22.55, 'cillium4': 19.33}",180,81.1
2024/07/22 08:30:23,"['cillium4', 'cillium1', 'cillium2', 'cillium3']","{'cillium1': 83.8, 'cillium2': 80.3, 'cillium4': 68.81}","{'cillium4': True, 'cillium1': True, 'cillium2': True, 'cillium3': False}","{'cillium1': 2.3, 'cillium2': 2.1, 'cillium4': 1.8}","{'cillium1': 26.27, 'cillium2': 20.55, 'cillium4': 19.01}","{'cillium1': 22.7, 'cillium2': 22.55, 'cillium4': 19.33}",160,81.1
2024/07/22 08:30:39,"['cillium4', 'cillium1', 'cillium2', 'cillium3']","{'cillium1': 83.8, 'cillium2': 80.29, 'cillium4': 68.78}","{'cillium4': True, 'cillium1': True, 'cillium2': True, 'cillium3': False}","{'cillium1': 2.3, 'cillium2': 2.1, 'cillium4': 1.8}","{'cillium1': 26.79, 'cillium2': 22.2, 'cillium4': 20.2}","{'cillium1': 22.7, 'cillium2': 22.55, 'cillium4': 19.33}",170,81.1
2024/07/22 08:30:54,"['cillium4', 'cillium1', 'cillium2', 'cillium3']","{'cillium1': 83.96, 'cillium2': 80.25, 'cillium4': 68.79}","{'cillium4': True, 'cillium1': True, 'cillium2': True, 'cillium3': False}","{'cillium1': 2.3, 'cillium2': 2.1, 'cillium4': 1.8}","{'cillium1': 24.9, 'cillium2': 19.77, 'cillium4': 19.88}","{'cillium1': 22.7, 'cillium2': 22.55, 'cillium4': 19.33}",190,81.1
2024/07/22 08:31:10,"['cillium4', 'cillium1', 'cillium2', 'cillium3']","{'cillium1': 83.75, 'cillium2': 80.17, 'cillium4': 68.79}","{'cillium4': True, 'cillium1': True, 'cillium2': True, 'cillium3': False}","{'cillium1': 2.3, 'cillium2': 2.1, 'cillium4': 1.8}","{'cillium1': 27.2, 'cillium2': 19.14, 'cillium4': 18.02}","{'cillium1': 22.7, 'cillium2': 22.55, 'cillium4': 19.33}",180,81.1
2024/07/22 08:31:26,"['cillium4', 'cillium1', 'cillium2', 'cillium3']","{'cillium1': 83.72, 'cillium2': 80.17, 'cillium4': 68.77}","{'cillium4': True, 'cillium1': True, 'cillium2': True, 'cillium3': False}","{'cillium1': 2.3, 'cillium2': 2.1, 'cillium4': 1.8}","{'cillium1': 28.33, 'cillium2': 20.81, 'cillium4': 19.25}","{'cillium1': 22.7, 'cillium2': 22.55, 'cillium4': 19.33}",180,81.1
2024/07/22 08:31:42,"['cillium4', 'cillium1', 'cillium2', 'cillium3']","{'cillium1': 84.03, 'cillium2': 80.21, 'cillium4': 68.79}","{'cillium4': True, 'cillium1': True, 'cillium2': True, 'cillium3': False}","{'cillium1': 2.3, 'cillium2': 2.1, 'cillium4': 1.8}","{'cillium1': 27.21, 'cillium2': 16.63, 'cillium4': 19.47}","{'cillium1': 22.7, 'cillium2': 22.55, 'cillium4': 19.33}",190,81.1
2024/07/22 08:31:58,"['cillium4', 'cillium1', 'cillium2', 'cillium3']","{'cillium1': 83.95, 'cillium2': 80.17, 'cillium4': 68.84}","{'cillium4': True, 'cillium1': True, 'cillium2': True, 'cillium3': False}","{'cillium1': 2.3, 'cillium2': 2.1, 'cillium4': 1.8}","{'cillium1': 27.47, 'cillium2': 18.46, 'cillium4': 19.29}","{'cillium1': 22.7, 'cillium2': 22.55, 'cillium4': 19.33}",160,81.1
2024/07/22 08:32:34,"['cillium4', 'cillium1', 'cillium2', 'cillium3']","{'cillium1': 96.38, 'cillium2': 94.54, 'cillium4': 89.21}","{'cillium4': True, 'cillium1': True, 'cillium2': True, 'cillium3': False}","{'cillium1': 3.3, 'cillium2': 3.1, 'cillium4': 3.1}","{'cillium1': 14.97, 'cillium2': 12.84, 'cillium4': 21.84}","{'cillium1': 33.43, 'cillium2': 33.29, 'cillium4': 33.29}",190,81.1
2024/07/22 08:32:49,"['cillium4', 'cillium1', 'cillium2', 'cillium3']","{'cillium1': 93.86, 'cillium2': 93.58, 'cillium4': 95.82}","{'cillium4': True, 'cillium1': True, 'cillium2': True, 'cillium3': False}","{'cillium1': 2.2, 'cillium2': 2.2, 'cillium4': 2.3}","{'cillium1': 21.9, 'cillium2': 21.7, 'cillium4': 24.04}","{'cillium1': 21.62, 'cillium2': 23.62, 'cillium4': 24.7}",190,81.1
2024/07/22 08:33:05,"['cillium4', 'cillium1', 'cillium2', 'cillium3']","{'cillium1': 87.55, 'cillium2': 88.27, 'cillium4': 92.0}","{'cillium4': True, 'cillium1': True, 'cillium2': True, 'cillium3': False}","{'cillium1': 2.2, 'cillium2': 2.2, 'cillium4': 2.3}","{'cillium1': 22.43, 'cillium2': 20.07, 'cillium4': 19.6}","{'cillium1': 21.62, 'cillium2': 23.62, 'cillium4': 24.7}",180,81.1
2024/07/22 08:33:21,"['cillium4', 'cillium1', 'cillium2', 'cillium3']","{'cillium1': 80.67, 'cillium2': 84.22, 'cillium4': 88.34}","{'cillium4': True, 'cillium1': True, 'cillium2': True, 'cillium3': False}","{'cillium1': 2.2, 'cillium2': 2.2, 'cillium4': 2.3}","{'cillium1': 22.0, 'cillium2': 21.77, 'cillium4': 21.18}","{'cillium1': 21.62, 'cillium2': 23.62, 'cillium4': 24.7}",190,81.1
2024/07/22 08:33:37,"['cillium4', 'cillium1', 'cillium2', 'cillium3']","{'cillium1': 80.26, 'cillium2': 84.5, 'cillium4': 88.63}","{'cillium4': True, 'cillium1': True, 'cillium2': True, 'cillium3': False}","{'cillium1': 2.2, 'cillium2': 2.2, 'cillium4': 2.3}","{'cillium1': 20.76, 'cillium2': 20.92, 'cillium4': 24.43}","{'cillium1': 21.62, 'cillium2': 23.62, 'cillium4': 24.7}",190,81.1
2024/07/22 08:33:53,"['cillium4', 'cillium1', 'cillium2', 'cillium3']","{'cillium1': 80.38, 'cillium2': 84.44, 'cillium4': 88.69}","{'cillium4': True, 'cillium1': True, 'cillium2': True, 'cillium3': False}","{'cillium1': 2.2, 'cillium2': 2.2, 'cillium4': 2.3}","{'cillium1': 22.63, 'cillium2': 19.1, 'cillium4': 24.05}","{'cillium1': 21.62, 'cillium2': 23.62, 'cillium4': 24.7}",190,81.1
2024/07/22 08:34:08,"['cillium4', 'cillium1', 'cillium2', 'cillium3']","{'cillium1': 80.23, 'cillium2': 84.39, 'cillium4': 88.29}","{'cillium4': True, 'cillium1': True, 'cillium2': True, 'cillium3': False}","{'cillium1': 2.2, 'cillium2': 2.2, 'cillium4': 2.3}","{'cillium1': 24.21, 'cillium2': 20.35, 'cillium4': 19.02}","{'cillium1': 21.62, 'cillium2': 23.62, 'cillium4': 24.7}",190,81.1
2024/07/22 08:34:24,"['cillium4', 'cillium1', 'cillium2', 'cillium3']","{'cillium1': 79.92, 'cillium2': 84.03, 'cillium4': 87.77}","{'cillium4': True, 'cillium1': True, 'cillium2': True, 'cillium3': False}","{'cillium1': 2.2, 'cillium2': 2.2, 'cillium4': 2.3}","{'cillium1': 24.98, 'cillium2': 18.93, 'cillium4': 18.21}","{'cillium1': 21.62, 'cillium2': 23.62, 'cillium4': 24.7}",190,81.1
2024/07/22 08:34:40,"['cillium4', 'cillium1', 'cillium2', 'cillium3']","{'cillium1': 79.76, 'cillium2': 83.99, 'cillium4': 87.72}","{'cillium4': True, 'cillium1': True, 'cillium2': True, 'cillium3': False}","{'cillium1': 2.2, 'cillium2': 2.2, 'cillium4': 2.3}","{'cillium1': 23.26, 'cillium2': 21.3, 'cillium4': 23.01}","{'cillium1': 21.62, 'cillium2': 23.62, 'cillium4': 24.7}",180,81.1
2024/07/22 08:34:56,"['cillium4', 'cillium1', 'cillium2', 'cillium3']","{'cillium1': 79.88, 'cillium2': 83.99, 'cillium4': 87.78}","{'cillium4': True, 'cillium1': True, 'cillium2': True, 'cillium3': False}","{'cillium1': 2.2, 'cillium2': 2.2, 'cillium4': 2.3}","{'cillium1': 24.47, 'cillium2': 18.31, 'cillium4': 19.9}","{'cillium1': 21.62, 'cillium2': 23.62, 'cillium4': 24.7}",180,81.1
2024/07/22 08:35:12,"['cillium4', 'cillium1', 'cillium2', 'cillium3']","{'cillium1': 80.13, 'cillium2': 83.95, 'cillium4': 87.73}","{'cillium4': True, 'cillium1': True, 'cillium2': True, 'cillium3': False}","{'cillium1': 2.2, 'cillium2': 2.2, 'cillium4': 2.3}","{'cillium1': 21.93, 'cillium2': 22.17, 'cillium4': 22.81}","{'cillium1': 21.62, 'cillium2': 23.62, 'cillium4': 24.7}",160,81.1
2024/07/22 08:35:28,"['cillium4', 'cillium1', 'cillium2', 'cillium3']","{'cillium1': 80.44, 'cillium2': 84.09, 'cillium4': 87.76}","{'cillium4': True, 'cillium1': True, 'cillium2': True, 'cillium3': False}","{'cillium1': 2.2, 'cillium2': 2.2, 'cillium4': 2.3}","{'cillium1': 22.44, 'cillium2': 19.69, 'cillium4': 23.61}","{'cillium1': 21.62, 'cillium2': 23.62, 'cillium4': 24.7}",190,81.1
2024/07/22 08:35:44,"['cillium4', 'cillium1', 'cillium2', 'cillium3']","{'cillium1': 80.74, 'cillium2': 84.09, 'cillium4': 87.76}","{'cillium4': True, 'cillium1': True, 'cillium2': True, 'cillium3': False}","{'cillium1': 2.2, 'cillium2': 2.2, 'cillium4': 2.3}","{'cillium1': 22.97, 'cillium2': 21.28, 'cillium4': 19.98}","{'cillium1': 21.62, 'cillium2': 23.62, 'cillium4': 24.7}",180,81.1
2024/07/22 08:35:59,"['cillium4', 'cillium1', 'cillium2', 'cillium3']","{'cillium1': 80.56, 'cillium2': 84.09, 'cillium4': 87.7}","{'cillium4': True, 'cillium1': True, 'cillium2': True, 'cillium3': False}","{'cillium1': 2.2, 'cillium2': 2.2, 'cillium4': 2.3}","{'cillium1': 23.45, 'cillium2': 20.35, 'cillium4': 19.89}","{'cillium1': 21.62, 'cillium2': 23.62, 'cillium4': 24.7}",200,81.1
2024/07/22 08:36:24,"['cillium4', 'cillium1', 'cillium2', 'cillium3']","{'cillium1': 87.25, 'cillium2': 90.92, 'cillium4': 91.52}","{'cillium4': True, 'cillium1': True, 'cillium2': True, 'cillium3': False}","{'cillium1': 3.3, 'cillium2': 3.1, 'cillium4': 3.1}","{'cillium1': 20.92, 'cillium2': 24.68, 'cillium4': 24.13}","{'cillium1': 33.43, 'cillium2': 33.29, 'cillium4': 33.29}",180,81.1
2024/07/22 08:36:48,"['cillium4', 'cillium1', 'cillium2', 'cillium3']","{'cillium1': 95.52, 'cillium2': 96.06, 'cillium4': 95.77}","{'cillium4': True, 'cillium1': True, 'cillium2': True, 'cillium3': False}","{'cillium1': 3.0, 'cillium2': 3.2, 'cillium4': 3.4}","{'cillium1': 14.34, 'cillium2': 10.68, 'cillium4': 23.66}","{'cillium1': 30.21, 'cillium2': 34.36, 'cillium4': 36.51}",180,81.1
2024/07/22 08:37:04,"['cillium4', 'cillium1', 'cillium2', 'cillium3']","{'cillium1': 92.68, 'cillium2': 93.19, 'cillium4': 93.19}","{'cillium4': True, 'cillium1': True, 'cillium2': True, 'cillium3': False}","{'cillium1': 2.4, 'cillium2': 2.4, 'cillium4': 2.4}","{'cillium1': 27.7, 'cillium2': 25.47, 'cillium4': 20.14}","{'cillium1': 23.77, 'cillium2': 25.77, 'cillium4': 25.77}",200,81.1
2024/07/22 08:37:20,"['cillium4', 'cillium1', 'cillium2', 'cillium3']","{'cillium1': 88.63, 'cillium2': 90.61, 'cillium4': 90.36}","{'cillium4': True, 'cillium1': True, 'cillium2': True, 'cillium3': False}","{'cillium1': 2.4, 'cillium2': 2.4, 'cillium4': 2.4}","{'cillium1': 27.76, 'cillium2': 20.86, 'cillium4': 19.4}","{'cillium1': 23.77, 'cillium2': 25.77, 'cillium4': 25.77}",190,81.1
2024/07/22 08:37:37,"['cillium4', 'cillium1', 'cillium2', 'cillium3']","{'cillium1': 87.77, 'cillium2': 91.96, 'cillium4': 91.95}","{'cillium4': True, 'cillium1': True, 'cillium2': True, 'cillium3': False}","{'cillium1': 2.4, 'cillium2': 2.4, 'cillium4': 2.4}","{'cillium1': 28.25, 'cillium2': 24.5, 'cillium4': 23.32}","{'cillium1': 23.77, 'cillium2': 25.77, 'cillium4': 25.77}",180,81.1
2024/07/22 08:37:53,"['cillium4', 'cillium1', 'cillium2', 'cillium3']","{'cillium1': 87.89, 'cillium2': 91.96, 'cillium4': 91.98}","{'cillium4': True, 'cillium1': True, 'cillium2': True, 'cillium3': False}","{'cillium1': 2.4, 'cillium2': 2.4, 'cillium4': 2.4}","{'cillium1': 29.03, 'cillium2': 20.93, 'cillium4': 24.99}","{'cillium1': 23.77, 'cillium2': 25.77, 'cillium4': 25.77}",200,81.1
2024/07/22 08:38:09,"['cillium4', 'cillium1', 'cillium2', 'cillium3']","{'cillium1': 87.79, 'cillium2': 91.96, 'cillium4': 91.95}","{'cillium4': True, 'cillium1': True, 'cillium2': True, 'cillium3': False}","{'cillium1': 2.4, 'cillium2': 2.4, 'cillium4': 2.4}","{'cillium1': 24.51, 'cillium2': 19.9, 'cillium4': 23.96}","{'cillium1': 23.77, 'cillium2': 25.77, 'cillium4': 25.77}",200,81.1
2024/07/22 08:38:25,"['cillium4', 'cillium1', 'cillium2', 'cillium3']","{'cillium1': 87.37, 'cillium2': 91.57, 'cillium4': 91.55}","{'cillium4': True, 'cillium1': True, 'cillium2': True, 'cillium3': False}","{'cillium1': 2.4, 'cillium2': 2.4, 'cillium4': 2.4}","{'cillium1': 24.49, 'cillium2': 19.5, 'cillium4': 22.31}","{'cillium1': 23.77, 'cillium2': 25.77, 'cillium4': 25.77}",180,81.1
2024/07/22 08:38:41,"['cillium4', 'cillium1', 'cillium2', 'cillium3']","{'cillium1': 87.42, 'cillium2': 91.62, 'cillium4': 91.51}","{'cillium4': True, 'cillium1': True, 'cillium2': True, 'cillium3': False}","{'cillium1': 2.4, 'cillium2': 2.4, 'cillium4': 2.4}","{'cillium1': 28.51, 'cillium2': 23.65, 'cillium4': 19.57}","{'cillium1': 23.77, 'cillium2': 25.77, 'cillium4': 25.77}",180,81.1
2024/07/22 08:38:56,"['cillium4', 'cillium1', 'cillium2', 'cillium3']","{'cillium1': 87.37, 'cillium2': 91.56, 'cillium4': 91.53}","{'cillium4': True, 'cillium1': True, 'cillium2': True, 'cillium3': False}","{'cillium1': 2.4, 'cillium2': 2.4, 'cillium4': 2.4}","{'cillium1': 26.72, 'cillium2': 22.5, 'cillium4': 26.04}","{'cillium1': 23.77, 'cillium2': 25.77, 'cillium4': 25.77}",190,81.1
2024/07/22 08:39:13,"['cillium4', 'cillium1', 'cillium2', 'cillium3']","{'cillium1': 87.46, 'cillium2': 91.58, 'cillium4': 91.43}","{'cillium4': True, 'cillium1': True, 'cillium2': True, 'cillium3': False}","{'cillium1': 2.4, 'cillium2': 2.4, 'cillium4': 2.4}","{'cillium1': 25.18, 'cillium2': 21.58, 'cillium4': 19.07}","{'cillium1': 23.77, 'cillium2': 25.77, 'cillium4': 25.77}",170,81.1
2024/07/22 08:39:29,"['cillium4', 'cillium1', 'cillium2', 'cillium3']","{'cillium1': 87.34, 'cillium2': 91.58, 'cillium4': 91.45}","{'cillium4': True, 'cillium1': True, 'cillium2': True, 'cillium3': False}","{'cillium1': 2.4, 'cillium2': 2.4, 'cillium4': 2.4}","{'cillium1': 25.19, 'cillium2': 20.69, 'cillium4': 23.72}","{'cillium1': 23.77, 'cillium2': 25.77, 'cillium4': 25.77}",180,81.1
2024/07/22 08:39:45,"['cillium4', 'cillium1', 'cillium2', 'cillium3']","{'cillium1': 87.8, 'cillium2': 91.63, 'cillium4': 91.52}","{'cillium4': True, 'cillium1': True, 'cillium2': True, 'cillium3': False}","{'cillium1': 2.4, 'cillium2': 2.4, 'cillium4': 2.4}","{'cillium1': 25.98, 'cillium2': 23.23, 'cillium4': 25.33}","{'cillium1': 23.77, 'cillium2': 25.77, 'cillium4': 25.77}",200,81.1
2024/07/22 08:40:01,"['cillium4', 'cillium1', 'cillium2', 'cillium3']","{'cillium1': 87.87, 'cillium2': 91.58, 'cillium4': 91.48}","{'cillium4': True, 'cillium1': True, 'cillium2': True, 'cillium3': False}","{'cillium1': 2.4, 'cillium2': 2.4, 'cillium4': 2.4}","{'cillium1': 27.07, 'cillium2': 21.67, 'cillium4': 24.46}","{'cillium1': 23.77, 'cillium2': 25.77, 'cillium4': 25.77}",190,81.1
2024/07/22 08:40:42,"['cillium4', 'cillium1', 'cillium2', 'cillium3']","{'cillium1': 96.9, 'cillium2': 97.89, 'cillium4': 99.49}","{'cillium4': True, 'cillium1': True, 'cillium2': True, 'cillium3': False}","{'cillium1': 4.3, 'cillium2': 3.6, 'cillium4': 3.9}","{'cillium1': 21.5, 'cillium2': 8.28, 'cillium4': 29.63}","{'cillium1': 44.17, 'cillium2': 38.65, 'cillium4': 41.88}",210,81.1
2024/07/22 08:41:03,"['cillium4', 'cillium1', 'cillium2', 'cillium3']","{'cillium1': 98.46, 'cillium2': 96.75, 'cillium4': 95.07}","{'cillium4': True, 'cillium1': True, 'cillium2': True, 'cillium3': False}","{'cillium1': 2.6, 'cillium2': 2.6, 'cillium4': 2.5}","{'cillium1': 21.82, 'cillium2': 21.79, 'cillium4': 25.76}","{'cillium1': 25.92, 'cillium2': 27.92, 'cillium4': 26.84}",200,81.1
2024/07/22 08:41:20,"['cillium4', 'cillium1', 'cillium2', 'cillium3']","{'cillium1': 95.29, 'cillium2': 96.08, 'cillium4': 93.62}","{'cillium4': True, 'cillium1': True, 'cillium2': True, 'cillium3': False}","{'cillium1': 2.6, 'cillium2': 2.6, 'cillium4': 2.5}","{'cillium1': 27.97, 'cillium2': 20.95, 'cillium4': 19.38}","{'cillium1': 25.92, 'cillium2': 27.92, 'cillium4': 26.84}",180,81.1
2024/07/22 08:41:37,"['cillium4', 'cillium1', 'cillium2', 'cillium3']","{'cillium1': 95.01, 'cillium2': 99.04, 'cillium4': 95.77}","{'cillium4': True, 'cillium1': True, 'cillium2': True, 'cillium3': False}","{'cillium1': 2.6, 'cillium2': 2.6, 'cillium4': 2.5}","{'cillium1': 28.99, 'cillium2': 27.03, 'cillium4': 23.7}","{'cillium1': 25.92, 'cillium2': 27.92, 'cillium4': 26.84}",170,81.1
2024/07/22 08:41:54,"['cillium4', 'cillium1', 'cillium2', 'cillium3']","{'cillium1': 95.13, 'cillium2': 99.04, 'cillium4': 95.73}","{'cillium4': True, 'cillium1': True, 'cillium2': True, 'cillium3': False}","{'cillium1': 2.6, 'cillium2': 2.6, 'cillium4': 2.5}","{'cillium1': 33.13, 'cillium2': 20.5, 'cillium4': 23.98}","{'cillium1': 25.92, 'cillium2': 27.92, 'cillium4': 26.84}",190,81.1
2024/07/22 08:42:10,"['cillium4', 'cillium1', 'cillium2', 'cillium3']","{'cillium1': 95.35, 'cillium2': 99.0, 'cillium4': 95.63}","{'cillium4': True, 'cillium1': True, 'cillium2': True, 'cillium3': False}","{'cillium1': 2.6, 'cillium2': 2.6, 'cillium4': 2.5}","{'cillium1': 26.37, 'cillium2': 25.36, 'cillium4': 23.06}","{'cillium1': 25.92, 'cillium2': 27.92, 'cillium4': 26.84}",160,81.1
2024/07/22 08:42:27,"['cillium4', 'cillium1', 'cillium2', 'cillium3']","{'cillium1': 94.84, 'cillium2': 98.94, 'cillium4': 95.32}","{'cillium4': True, 'cillium1': True, 'cillium2': True, 'cillium3': False}","{'cillium1': 2.6, 'cillium2': 2.6, 'cillium4': 2.5}","{'cillium1': 28.5, 'cillium2': 23.43, 'cillium4': 20.74}","{'cillium1': 25.92, 'cillium2': 27.92, 'cillium4': 26.84}",200,81.1
2024/07/22 08:42:45,"['cillium4', 'cillium1', 'cillium2', 'cillium3']","{'cillium1': 94.75, 'cillium2': 98.91, 'cillium4': 95.32}","{'cillium4': True, 'cillium1': True, 'cillium2': True, 'cillium3': False}","{'cillium1': 2.6, 'cillium2': 2.6, 'cillium4': 2.5}","{'cillium1': 28.53, 'cillium2': 24.41, 'cillium4': 19.08}","{'cillium1': 25.92, 'cillium2': 27.92, 'cillium4': 26.84}",200,81.1
2024/07/22 08:43:01,"['cillium4', 'cillium1', 'cillium2', 'cillium3']","{'cillium1': 94.72, 'cillium2': 98.94, 'cillium4': 95.24}","{'cillium4': True, 'cillium1': True, 'cillium2': True, 'cillium3': False}","{'cillium1': 2.6, 'cillium2': 2.6, 'cillium4': 2.5}","{'cillium1': 28.74, 'cillium2': 23.56, 'cillium4': 23.29}","{'cillium1': 25.92, 'cillium2': 27.92, 'cillium4': 26.84}",180,81.1
2024/07/22 08:43:18,"['cillium4', 'cillium1', 'cillium2', 'cillium3']","{'cillium1': 94.68, 'cillium2': 98.85, 'cillium4': 95.36}","{'cillium4': True, 'cillium1': True, 'cillium2': True, 'cillium3': False}","{'cillium1': 2.6, 'cillium2': 2.6, 'cillium4': 2.5}","{'cillium1': 27.8, 'cillium2': 23.55, 'cillium4': 24.07}","{'cillium1': 25.92, 'cillium2': 27.92, 'cillium4': 26.84}",180,81.1
2024/07/22 08:43:35,"['cillium4', 'cillium1', 'cillium2', 'cillium3']","{'cillium1': 94.73, 'cillium2': 98.88, 'cillium4': 95.28}","{'cillium4': True, 'cillium1': True, 'cillium2': True, 'cillium3': False}","{'cillium1': 2.6, 'cillium2': 2.6, 'cillium4': 2.5}","{'cillium1': 26.18, 'cillium2': 21.71, 'cillium4': 24.1}","{'cillium1': 25.92, 'cillium2': 27.92, 'cillium4': 26.84}",190,81.1
2024/07/22 08:43:53,"['cillium4', 'cillium1', 'cillium2', 'cillium3']","{'cillium1': 95.1, 'cillium2': 98.96, 'cillium4': 95.4}","{'cillium4': True, 'cillium1': True, 'cillium2': True, 'cillium3': False}","{'cillium1': 2.6, 'cillium2': 2.6, 'cillium4': 2.5}","{'cillium1': 26.61, 'cillium2': 21.66, 'cillium4': 21.42}","{'cillium1': 25.92, 'cillium2': 27.92, 'cillium4': 26.84}",170,81.1
2024/07/22 08:44:10,"['cillium4', 'cillium1', 'cillium2', 'cillium3']","{'cillium1': 95.24, 'cillium2': 98.86, 'cillium4': 95.23}","{'cillium4': True, 'cillium1': True, 'cillium2': True, 'cillium3': False}","{'cillium1': 2.6, 'cillium2': 2.6, 'cillium4': 2.5}","{'cillium1': 27.85, 'cillium2': 25.72, 'cillium4': 23.52}","{'cillium1': 25.92, 'cillium2': 27.92, 'cillium4': 26.84}",180,81.1
2024/07/22 08:44:27,"['cillium4', 'cillium1', 'cillium2', 'cillium3']","{'cillium1': 95.09, 'cillium2': 98.94, 'cillium4': 95.31}","{'cillium4': True, 'cillium1': True, 'cillium2': True, 'cillium3': False}","{'cillium1': 2.6, 'cillium2': 2.6, 'cillium4': 2.5}","{'cillium1': 28.42, 'cillium2': 24.17, 'cillium4': 19.8}","{'cillium1': 25.92, 'cillium2': 27.92, 'cillium4': 26.84}",200,81.1
2024/07/22 08:44:44,"['cillium4', 'cillium1', 'cillium2', 'cillium3']","{'cillium1': 94.7, 'cillium2': 98.86, 'cillium4': 95.27}","{'cillium4': True, 'cillium1': True, 'cillium2': True, 'cillium3': False}","{'cillium1': 2.6, 'cillium2': 2.6, 'cillium4': 2.5}","{'cillium1': 28.6, 'cillium2': 25.82, 'cillium4': 22.74}","{'cillium1': 25.92, 'cillium2': 27.92, 'cillium4': 26.84}",170,81.1
2024/07/22 08:45:01,"['cillium4', 'cillium1', 'cillium2', 'cillium3']","{'cillium1': 94.69, 'cillium2': 98.94, 'cillium4': 95.18}","{'cillium4': True, 'cillium1': True, 'cillium2': True, 'cillium3': False}","{'cillium1': 2.6, 'cillium2': 2.6, 'cillium4': 2.5}","{'cillium1': 29.17, 'cillium2': 21.41, 'cillium4': 25.35}","{'cillium1': 25.92, 'cillium2': 27.92, 'cillium4': 26.84}",190,81.1
2024/07/22 08:45:18,"['cillium4', 'cillium1', 'cillium2', 'cillium3']","{'cillium1': 94.62, 'cillium2': 98.86, 'cillium4': 95.27}","{'cillium4': True, 'cillium1': True, 'cillium2': True, 'cillium3': False}","{'cillium1': 2.6, 'cillium2': 2.6, 'cillium4': 2.5}","{'cillium1': 26.98, 'cillium2': 26.4, 'cillium4': 21.26}","{'cillium1': 25.92, 'cillium2': 27.92, 'cillium4': 26.84}",180,81.1
2024/07/22 08:45:35,"['cillium4', 'cillium1', 'cillium2', 'cillium3']","{'cillium1': 95.23, 'cillium2': 98.96, 'cillium4': 95.46}","{'cillium4': True, 'cillium1': True, 'cillium2': True, 'cillium3': False}","{'cillium1': 2.6, 'cillium2': 2.6, 'cillium4': 2.5}","{'cillium1': 27.26, 'cillium2': 23.55, 'cillium4': 24.62}","{'cillium1': 25.92, 'cillium2': 27.92, 'cillium4': 26.84}",160,81.1
2024/07/22 08:45:54,"['cillium4', 'cillium1', 'cillium2', 'cillium3']","{'cillium1': 95.7, 'cillium2': 99.04, 'cillium4': 95.54}","{'cillium4': True, 'cillium1': True, 'cillium2': True, 'cillium3': False}","{'cillium1': 2.6, 'cillium2': 2.6, 'cillium4': 2.5}","{'cillium1': 31.52, 'cillium2': 23.7, 'cillium4': 22.17}","{'cillium1': 25.92, 'cillium2': 27.92, 'cillium4': 26.84}",180,81.1
2024/07/22 08:46:56,"['cillium4', 'cillium1', 'cillium2', 'cillium3']","{'cillium1': 5.96, 'cillium2': 1.17, 'cillium4': 0.68}","{'cillium4': True, 'cillium1': True, 'cillium2': True, 'cillium3': False}","{'cillium1': 0.2, 'cillium2': 0, 'cillium4': 0}","{'cillium1': 8.57, 'cillium2': 2.85, 'cillium4': 2.71}","{'cillium1': 0.15, 'cillium2': 0, 'cillium4': 0}",110,81.1
2024/07/22 08:47:12,"['cillium4', 'cillium1', 'cillium2', 'cillium3']","{'cillium1': 5.87, 'cillium2': 1.05, 'cillium4': 0.68}","{'cillium4': True, 'cillium1': True, 'cillium2': True, 'cillium3': False}","{'cillium1': 0.2, 'cillium2': 0, 'cillium4': 0}","{'cillium1': 8.55, 'cillium2': 2.83, 'cillium4': 2.68}","{'cillium1': 0.15, 'cillium2': 0, 'cillium4': 0}",100,81.1
2024/07/22 08:47:27,"['cillium4', 'cillium1', 'cillium2', 'cillium3']","{'cillium1': 5.8, 'cillium2': 0.72, 'cillium4': 0.41}","{'cillium4': True, 'cillium1': True, 'cillium2': True, 'cillium3': False}","{'cillium1': 0.2, 'cillium2': 0, 'cillium4': 0}","{'cillium1': 8.55, 'cillium2': 2.83, 'cillium4': 2.68}","{'cillium1': 0.15, 'cillium2': 0, 'cillium4': 0}",110,81.1
2024/07/22 08:47:43,"['cillium4', 'cillium1', 'cillium2', 'cillium3']","{'cillium1': 5.34, 'cillium2': 0.77, 'cillium4': 0.39}","{'cillium4': True, 'cillium1': True, 'cillium2': True, 'cillium3': False}","{'cillium1': 0.2, 'cillium2': 0, 'cillium4': 0}","{'cillium1': 8.56, 'cillium2': 2.83, 'cillium4': 2.69}","{'cillium1': 0.15, 'cillium2': 0, 'cillium4': 0}",110,81.1
2024/07/22 08:47:58,"['cillium4', 'cillium1', 'cillium2', 'cillium3']","{'cillium1': 5.55, 'cillium2': 0.86, 'cillium4': 0.39}","{'cillium4': True, 'cillium1': True, 'cillium2': True, 'cillium3': False}","{'cillium1': 0.2, 'cillium2': 0, 'cillium4': 0}","{'cillium1': 8.54, 'cillium2': 2.82, 'cillium4': 2.69}","{'cillium1': 0.15, 'cillium2': 0, 'cillium4': 0}",110,81.1
2024/07/22 08:48:14,"['cillium4', 'cillium1', 'cillium2', 'cillium3']","{'cillium1': 5.79, 'cillium2': 0.77, 'cillium4': 0.38}","{'cillium4': True, 'cillium1': True, 'cillium2': True, 'cillium3': False}","{'cillium1': 0.2, 'cillium2': 0, 'cillium4': 0}","{'cillium1': 8.51, 'cillium2': 2.82, 'cillium4': 2.69}","{'cillium1': 0.15, 'cillium2': 0, 'cillium4': 0}",110,81.1
2024/07/22 08:48:29,"['cillium4', 'cillium1', 'cillium2', 'cillium3']","{'cillium1': 5.78, 'cillium2': 0.83, 'cillium4': 0.4}","{'cillium4': True, 'cillium1': True, 'cillium2': True, 'cillium3': False}","{'cillium1': 0.2, 'cillium2': 0, 'cillium4': 0}","{'cillium1': 8.52, 'cillium2': 2.82, 'cillium4': 2.69}","{'cillium1': 0.15, 'cillium2': 0, 'cillium4': 0}",110,81.1
2024/07/22 08:48:45,"['cillium4', 'cillium1', 'cillium2', 'cillium3']","{'cillium1': 5.51, 'cillium2': 0.8, 'cillium4': 0.42}","{'cillium4': True, 'cillium1': True, 'cillium2': True, 'cillium3': False}","{'cillium1': 0.2, 'cillium2': 0, 'cillium4': 0}","{'cillium1': 8.53, 'cillium2': 2.83, 'cillium4': 2.7}","{'cillium1': 0.15, 'cillium2': 0, 'cillium4': 0}",110,81.1
2024/07/22 08:49:00,"['cillium4', 'cillium1', 'cillium2', 'cillium3']","{'cillium1': 5.64, 'cillium2': 0.81, 'cillium4': 0.38}","{'cillium4': True, 'cillium1': True, 'cillium2': True, 'cillium3': False}","{'cillium1': 0.2, 'cillium2': 0, 'cillium4': 0}","{'cillium1': 8.53, 'cillium2': 2.82, 'cillium4': 2.68}","{'cillium1': 0.15, 'cillium2': 0, 'cillium4': 0}",110,81.1
2024/07/22 08:49:16,"['cillium4', 'cillium1', 'cillium2', 'cillium3']","{'cillium1': 6.99, 'cillium2': 0.79, 'cillium4': 0.38}","{'cillium4': True, 'cillium1': True, 'cillium2': True, 'cillium3': False}","{'cillium1': 0.2, 'cillium2': 0, 'cillium4': 0}","{'cillium1': 8.51, 'cillium2': 2.82, 'cillium4': 2.68}","{'cillium1': 0.15, 'cillium2': 0, 'cillium4': 0}",110,81.1
2024/07/22 08:49:31,"['cillium4', 'cillium1', 'cillium2', 'cillium3']","{'cillium1': 6.95, 'cillium2': 0.74, 'cillium4': 0.42}","{'cillium4': True, 'cillium1': True, 'cillium2': True, 'cillium3': False}","{'cillium1': 0.2, 'cillium2': 0, 'cillium4': 0}","{'cillium1': 8.52, 'cillium2': 2.83, 'cillium4': 2.69}","{'cillium1': 0.15, 'cillium2': 0, 'cillium4': 0}",110,81.1
2024/07/22 08:49:47,"['cillium4', 'cillium1', 'cillium2', 'cillium3']","{'cillium1': 6.63, 'cillium2': 0.88, 'cillium4': 0.4}","{'cillium4': True, 'cillium1': True, 'cillium2': True, 'cillium3': False}","{'cillium1': 0.2, 'cillium2': 0, 'cillium4': 0}","{'cillium1': 8.53, 'cillium2': 2.83, 'cillium4': 2.67}","{'cillium1': 0.15, 'cillium2': 0, 'cillium4': 0}",110,81.1
2024/07/22 08:50:02,"['cillium4', 'cillium1', 'cillium2', 'cillium3']","{'cillium1': 5.84, 'cillium2': 0.8, 'cillium4': 0.41}","{'cillium4': True, 'cillium1': True, 'cillium2': True, 'cillium3': False}","{'cillium1': 0.2, 'cillium2': 0, 'cillium4': 0}","{'cillium1': 8.39, 'cillium2': 2.81, 'cillium4': 2.67}","{'cillium1': 0.15, 'cillium2': 0, 'cillium4': 0}",110,81.1
2024/07/22 08:50:18,"['cillium4', 'cillium1', 'cillium2', 'cillium3']","{'cillium1': 6.03, 'cillium2': 0.79, 'cillium4': 0.39}","{'cillium4': True, 'cillium1': True, 'cillium2': True, 'cillium3': False}","{'cillium1': 0.2, 'cillium2': 0, 'cillium4': 0}","{'cillium1': 8.41, 'cillium2': 2.81, 'cillium4': 2.68}","{'cillium1': 0.15, 'cillium2': 0, 'cillium4': 0}",110,81.1
2024/07/22 08:50:33,"['cillium4', 'cillium1', 'cillium2', 'cillium3']","{'cillium1': 6.25, 'cillium2': 0.85, 'cillium4': 0.43}","{'cillium4': True, 'cillium1': True, 'cillium2': True, 'cillium3': False}","{'cillium1': 0.2, 'cillium2': 0, 'cillium4': 0}","{'cillium1': 8.35, 'cillium2': 2.82, 'cillium4': 2.68}","{'cillium1': 0.15, 'cillium2': 0, 'cillium4': 0}",110,81.1
2024/07/22 08:50:49,"['cillium4', 'cillium1', 'cillium2', 'cillium3']","{'cillium1': 5.69, 'cillium2': 0.91, 'cillium4': 0.4}","{'cillium4': True, 'cillium1': True, 'cillium2': True, 'cillium3': False}","{'cillium1': 0.2, 'cillium2': 0, 'cillium4': 0}","{'cillium1': 8.34, 'cillium2': 2.82, 'cillium4': 2.67}","{'cillium1': 0.15, 'cillium2': 0, 'cillium4': 0}",110,81.1
2024/07/22 08:51:04,"['cillium4', 'cillium1', 'cillium2', 'cillium3']","{'cillium1': 5.49, 'cillium2': 0.77, 'cillium4': 0.4}","{'cillium4': True, 'cillium1': True, 'cillium2': True, 'cillium3': False}","{'cillium1': 0.2, 'cillium2': 0, 'cillium4': 0}","{'cillium1': 8.37, 'cillium2': 2.83, 'cillium4': 2.68}","{'cillium1': 0.15, 'cillium2': 0, 'cillium4': 0}",90,81.1
2024/07/22 08:51:20,"['cillium4', 'cillium1', 'cillium2', 'cillium3']","{'cillium1': 5.28, 'cillium2': 0.84, 'cillium4': 0.39}","{'cillium4': True, 'cillium1': True, 'cillium2': True, 'cillium3': False}","{'cillium1': 0.2, 'cillium2': 0, 'cillium4': 0}","{'cillium1': 8.4, 'cillium2': 2.83, 'cillium4': 2.68}","{'cillium1': 0.15, 'cillium2': 0, 'cillium4': 0}",110,81.1
2024/07/22 08:51:35,"['cillium4', 'cillium1', 'cillium2', 'cillium3']","{'cillium1': 5.56, 'cillium2': 0.79, 'cillium4': 0.41}","{'cillium4': True, 'cillium1': True, 'cillium2': True, 'cillium3': False}","{'cillium1': 0.2, 'cillium2': 0, 'cillium4': 0}","{'cillium1': 8.4, 'cillium2': 2.81, 'cillium4': 2.68}","{'cillium1': 0.15, 'cillium2': 0, 'cillium4': 0}",90,81.1
2024/07/22 08:51:51,"['cillium4', 'cillium1', 'cillium2', 'cillium3']","{'cillium1': 5.83, 'cillium2': 0.83, 'cillium4': 0.37}","{'cillium4': True, 'cillium1': True, 'cillium2': True, 'cillium3': False}","{'cillium1': 0.2, 'cillium2': 0, 'cillium4': 0}","{'cillium1': 8.39, 'cillium2': 2.81, 'cillium4': 2.68}","{'cillium1': 0.15, 'cillium2': 0, 'cillium4': 0}",110,81.1
2024/07/22 08:52:06,"['cillium4', 'cillium1', 'cillium2', 'cillium3']","{'cillium1': 5.9, 'cillium2': 0.75, 'cillium4': 0.41}","{'cillium4': True, 'cillium1': True, 'cillium2': True, 'cillium3': False}","{'cillium1': 0.2, 'cillium2': 0, 'cillium4': 0}","{'cillium1': 8.41, 'cillium2': 2.81, 'cillium4': 2.68}","{'cillium1': 0.15, 'cillium2': 0, 'cillium4': 0}",110,81.1
2024/07/22 08:52:22,"['cillium4', 'cillium1', 'cillium2', 'cillium3']","{'cillium1': 5.72, 'cillium2': 0.72, 'cillium4': 0.35}","{'cillium4': True, 'cillium1': True, 'cillium2': True, 'cillium3': False}","{'cillium1': 0.2, 'cillium2': 0, 'cillium4': 0}","{'cillium1': 8.38, 'cillium2': 2.82, 'cillium4': 2.68}","{'cillium1': 0.15, 'cillium2': 0, 'cillium4': 0}",110,81.1
2024/07/22 08:52:37,"['cillium4', 'cillium1', 'cillium2', 'cillium3']","{'cillium1': 5.53, 'cillium2': 0.76, 'cillium4': 0.41}","{'cillium4': True, 'cillium1': True, 'cillium2': True, 'cillium3': False}","{'cillium1': 0.2, 'cillium2': 0, 'cillium4': 0}","{'cillium1': 8.35, 'cillium2': 2.81, 'cillium4': 2.67}","{'cillium1': 0.15, 'cillium2': 0, 'cillium4': 0}",110,81.1
2024/07/22 08:52:53,"['cillium4', 'cillium1', 'cillium2', 'cillium3']","{'cillium1': 5.67, 'cillium2': 0.79, 'cillium4': 0.38}","{'cillium4': True, 'cillium1': True, 'cillium2': True, 'cillium3': False}","{'cillium1': 0.2, 'cillium2': 0, 'cillium4': 0}","{'cillium1': 8.35, 'cillium2': 2.82, 'cillium4': 2.67}","{'cillium1': 0.15, 'cillium2': 0, 'cillium4': 0}",100,81.1
2024/07/22 08:53:08,"['cillium4', 'cillium1', 'cillium2', 'cillium3']","{'cillium1': 5.54, 'cillium2': 0.76, 'cillium4': 0.43}","{'cillium4': True, 'cillium1': True, 'cillium2': True, 'cillium3': False}","{'cillium1': 0.2, 'cillium2': 0, 'cillium4': 0}","{'cillium1': 8.36, 'cillium2': 2.82, 'cillium4': 2.67}","{'cillium1': 0.15, 'cillium2': 0, 'cillium4': 0}",100,81.1
2024/07/22 08:53:23,"['cillium4', 'cillium1', 'cillium2', 'cillium3']","{'cillium1': 6.81, 'cillium2': 0.76, 'cillium4': 0.44}","{'cillium4': True, 'cillium1': True, 'cillium2': True, 'cillium3': False}","{'cillium1': 0.2, 'cillium2': 0, 'cillium4': 0}","{'cillium1': 8.36, 'cillium2': 2.82, 'cillium4': 2.67}","{'cillium1': 0.15, 'cillium2': 0, 'cillium4': 0}",90,81.1
2024/07/22 08:53:39,"['cillium4', 'cillium1', 'cillium2', 'cillium3']","{'cillium1': 6.92, 'cillium2': 0.76, 'cillium4': 0.46}","{'cillium4': True, 'cillium1': True, 'cillium2': True, 'cillium3': False}","{'cillium1': 0.2, 'cillium2': 0, 'cillium4': 0}","{'cillium1': 8.35, 'cillium2': 2.82, 'cillium4': 2.67}","{'cillium1': 0.15, 'cillium2': 0, 'cillium4': 0}",110,81.1
